,image name,segment name,segment area,segment side ratio,segment roundness,total c1 int,avg c1 int,max c1 int,total c2 int,avg c2 int,max c2 int
0,1W-SUV3KO-Chloro_RNR2-647_L-HPG-488_dsDNA-405-01-Airyscan Processing-Extended Depth of Focus-objectfeatures.xlsx,Drawn segment #073 Part 1 (KO Mitos),5.620274966053804,1.624672770500183,0.1411711355408313,2180561,483.3874972289958,5485,2487108,551.342939481268,1904
1,1W-SUV3KO-Chloro_RNR2-647_L-HPG-488_dsDNA-405-01-Airyscan Processing-Extended Depth of Focus-objectfeatures.xlsx,Drawn segment #073 Part 2 (KO Mitos),0.21115739925658092,1.1428582668304443,0.8505829282374145,20060,118.0,284,48446,284.9764705882353,511
2,1W-SUV3KO-Chloro_RNR2-647_L-HPG-488_dsDNA-405-01-Airyscan Processing-Extended Depth of Focus-objectfeatures.xlsx,Drawn segment #073 Part 3 (KO Mitos),0.23607272660249007,1.3451350927352905,0.7909485692354314,53056,279.2421052631579,677,35722,188.01052631578946,349
3,1W-SUV3KO-Chloro_RNR2-647_L-HPG-488_dsDNA-405-01-Airyscan Processing-Extended Depth of Focus-objectfeatures.xlsx,Drawn segment #073 Part 4 (KO Mitos),0.010589014122011471,1.9999828338623047,0.38171989617722585,1206,134.0,233,1277,141.88888888888889,236
4,1W-SUV3KO-Chloro_RNR2-647_L-HPG-488_dsDNA-405-01-Airyscan Processing-Extended Depth of Focus-objectfeatures.xlsx,Drawn segment #073 Part 5 (KO Mitos),8.647487238582432,2.1118178367614746,0.18208590439370004,6941175,999.881158167675,9156,6397299,921.5354364736387,2384
5,1W-SUV3KO-Chloro_RNR2-647_L-HPG-488_dsDNA-405-01-Airyscan Processing-Extended Depth of Focus-objectfeatures.xlsx,Drawn segment #073 Part 6 (KO Mitos),2.765601335395935,1.308826208114624,0.6328006365684296,43148777,19436.386036036038,58778,1607561,724.1265765765766,1761
6,1W-SUV3KO-Chloro_RNR2-647_L-HPG-488_dsDNA-405-01-Airyscan Processing-Extended Depth of Focus-objectfeatures.xlsx,Drawn segment #073 Part 7 (KO Mitos),0.3263907882314103,1.1724175214767456,0.5708961268062412,43318,165.33587786259542,689,187643,716.1946564885496,1472
7,1W-SUV3KO-Chloro_RNR2-647_L-HPG-488_dsDNA-405-01-Airyscan Processing-Extended Depth of Focus-objectfeatures.xlsx,Drawn segment #073 Part 8 (KO Mitos),1.8624207191067752,1.5711643695831299,0.5051252720859472,621370,415.6321070234114,3245,802394,536.7183946488294,1358
8,1W-SUV3KO-Chloro_RNR2-647_L-HPG-488_dsDNA-405-01-Airyscan Processing-Extended Depth of Focus-objectfeatures.xlsx,Drawn segment #073 Part 9 (KO Mitos),7.9704132179573035,1.1055982112884521,0.1251433783650008,20295160,3172.6059090198532,17534,3520441,550.3268719712365,1321
9,1W-SUV3KO-Chloro_RNR2-647_L-HPG-488_dsDNA-405-01-Airyscan Processing-Extended Depth of Focus-objectfeatures.xlsx,Drawn segment #073 Part 10 (KO Mitos),0.4030054198200807,1.1428579092025757,0.4944997105171899,16973,52.385802469135804,171,112549,347.37345679012344,857
10,1W-SUV3KO-Chloro_RNR2-647_L-HPG-488_dsDNA-405-01-Airyscan Processing-Extended Depth of Focus-objectfeatures.xlsx,Drawn segment #073 Part 11 (KO Mitos),1.1267956792187497,2.7816731929779053,0.4864873588434183,213693,236.12486187845303,911,200117,221.12375690607735,590
11,1W-SUV3KO-Chloro_RNR2-647_L-HPG-488_dsDNA-405-01-Airyscan Processing-Extended Depth of Focus-objectfeatures.xlsx,Drawn segment #073 Part 12 (KO Mitos),0.22361506292953562,1.5000001192092896,0.41918994744035154,11092,61.62222222222222,137,74951,416.39444444444445,818
12,1W-SUV3KO-Chloro_RNR2-647_L-HPG-488_dsDNA-405-01-Airyscan Processing-Extended Depth of Focus-objectfeatures.xlsx,Drawn segment #073 Part 13 (KO Mitos),1.4781017947960975,1.5940104722976685,0.4093365004375024,550999,464.1946082561078,2337,1226535,1033.3066554338668,1942
13,1W-SUV3KO-Chloro_RNR2-647_L-HPG-488_dsDNA-405-01-Airyscan Processing-Extended Depth of Focus-objectfeatures.xlsx,Drawn segment #073 Part 14 (KO Mitos),5.697512480826134,1.8560068607330322,0.2272440575673109,9996467,2185.497813729777,13363,2942620,643.3362483602973,1343
14,1W-SUV3KO-Chloro_RNR2-647_L-HPG-488_dsDNA-405-01-Airyscan Processing-Extended Depth of Focus-objectfeatures.xlsx,Drawn segment #073 Part 15 (KO Mitos),0.20119126831821735,1.4166580438613892,0.8183542148021409,7113,43.907407407407405,146,185210,1143.2716049382716,1612
15,1W-SUV3KO-Chloro_RNR2-647_L-HPG-488_dsDNA-405-01-Airyscan Processing-Extended Depth of Focus-objectfeatures.xlsx,Drawn segment #073 Part 16 (KO Mitos),1.481839093897984,1.376624345779419,0.7575639172927298,715898,601.5949579831932,4070,1086023,912.6243697478992,1640
16,1W-SUV3KO-Chloro_RNR2-647_L-HPG-488_dsDNA-405-01-Airyscan Processing-Extended Depth of Focus-objectfeatures.xlsx,Drawn segment #073 Part 17 (KO Mitos),6.245026799252631,4.52554988861084,0.15316887729122672,2050201,409.0584596967279,2617,2873127,573.2496009577015,1371
17,1W-SUV3KO-Chloro_RNR2-647_L-HPG-488_dsDNA-405-01-Airyscan Processing-Extended Depth of Focus-objectfeatures.xlsx,Drawn segment #073 Part 18 (KO Mitos),0.928718826818764,1.567567229270935,0.7254342235313529,292540,392.1447721179625,1675,633588,849.3136729222521,1329
18,1W-SUV3KO-Chloro_RNR2-647_L-HPG-488_dsDNA-405-01-Airyscan Processing-Extended Depth of Focus-objectfeatures.xlsx,Drawn segment #073 Part 19 (KO Mitos),1.269435928274091,1.8625141382217407,0.525059076424868,2295154,2254.571709233792,8157,510613,501.5844793713163,906
19,1W-SUV3KO-Chloro_RNR2-647_L-HPG-488_dsDNA-405-01-Airyscan Processing-Extended Depth of Focus-objectfeatures.xlsx,Drawn segment #073 Part 20 (KO Mitos),0.3942850552490125,1.2222275733947754,0.8529866236463076,173162,546.2523659305994,1744,175003,552.0599369085173,882
20,1W-SUV3KO-Chloro_RNR2-647_L-HPG-488_dsDNA-405-01-Airyscan Processing-Extended Depth of Focus-objectfeatures.xlsx,Drawn segment #073 Part 21 (KO Mitos),0.28964068039619456,2.1477346420288086,0.5444528107358619,35484,152.29184549356222,412,111610,479.0128755364807,817
21,1W-SUV3KO-Chloro_RNR2-647_L-HPG-488_dsDNA-405-01-Airyscan Processing-Extended Depth of Focus-objectfeatures.xlsx,Drawn segment #073 Part 22 (KO Mitos),0.20991163288928563,1.583333969116211,0.781822164674984,7503,44.396449704142015,126,80212,474.62721893491124,758
22,1W-SUV3KO-Chloro_RNR2-647_L-HPG-488_dsDNA-405-01-Airyscan Processing-Extended Depth of Focus-objectfeatures.xlsx,Drawn segment #073 Part 23 (KO Mitos),0.7144470116439453,1.250002145767212,0.6445605577317226,1522644,2657.3193717277486,9360,374380,653.3682373472949,1013
23,1W-SUV3KO-Chloro_RNR2-647_L-HPG-488_dsDNA-405-01-Airyscan Processing-Extended Depth of Focus-objectfeatures.xlsx,Drawn segment #073 Part 24 (KO Mitos),0.24105579207167202,1.262298822402954,0.645930976930162,10796,55.649484536082475,127,141796,730.9072164948453,1138
24,1W-SUV3KO-Chloro_RNR2-647_L-HPG-488_dsDNA-405-01-Airyscan Processing-Extended Depth of Focus-objectfeatures.xlsx,Drawn segment #073 Part 25 (KO Mitos),3.1212676332587592,5.267172813415527,0.20679973513517622,845256,337.29289704708697,1252,1326328,529.2609736632083,1288
25,1W-SUV3KO-Chloro_RNR2-647_L-HPG-488_dsDNA-405-01-Airyscan Processing-Extended Depth of Focus-objectfeatures.xlsx,Drawn segment #073 Part 26 (KO Mitos),0.5624635148338993,1.0000020265579224,0.5571660875059379,831861,1844.4811529933481,5572,265495,588.680709534368,980
26,1W-SUV3KO-Chloro_RNR2-647_L-HPG-488_dsDNA-405-01-Airyscan Processing-Extended Depth of Focus-objectfeatures.xlsx,Drawn segment #073 Part 27 (KO Mitos),1.1504652401973658,3.0788214206695557,0.41514059927970776,200508,217.0,958,289552,313.3679653679654,712
27,1W-SUV3KO-Chloro_RNR2-647_L-HPG-488_dsDNA-405-01-Airyscan Processing-Extended Depth of Focus-objectfeatures.xlsx,Drawn segment #073 Part 28 (KO Mitos),1.8219333121696677,2.628284215927124,0.33545093608395077,376535,257.37183868762816,939,819244,559.9753930280247,1096
28,1W-SUV3KO-Chloro_RNR2-647_L-HPG-488_dsDNA-405-01-Airyscan Processing-Extended Depth of Focus-objectfeatures.xlsx,Drawn segment #073 Part 29 (KO Mitos),1.6219878102187346,2.5704424381256104,0.364158489378146,3080667,2366.1036866359445,7247,915707,703.3079877112135,1357
29,1W-SUV3KO-Chloro_RNR2-647_L-HPG-488_dsDNA-405-01-Airyscan Processing-Extended Depth of Focus-objectfeatures.xlsx,Drawn segment #073 Part 30 (KO Mitos),0.5686923466703764,1.525608777999878,0.7803375734126925,57618,126.07877461706784,501,252404,552.3063457330416,957
30,1W-SUV3KO-Chloro_RNR2-647_L-HPG-488_dsDNA-405-01-Airyscan Processing-Extended Depth of Focus-objectfeatures.xlsx,Drawn segment #073 Part 31 (KO Mitos),4.190758059581873,1.430106520652771,0.30669373600631955,2937444,873.1997621878716,11374,1622900,482.43162901307966,1117
31,1W-SUV3KO-Chloro_RNR2-647_L-HPG-488_dsDNA-405-01-Airyscan Processing-Extended Depth of Focus-objectfeatures.xlsx,Drawn segment #073 Part 32 (KO Mitos),1.1978043621545962,1.0588223934173584,0.8594491569972105,272365,283.12370062370064,921,429230,446.18503118503116,1072
32,1W-SUV3KO-Chloro_RNR2-647_L-HPG-488_dsDNA-405-01-Airyscan Processing-Extended Depth of Focus-objectfeatures.xlsx,Drawn segment #073 Part 33 (KO Mitos),0.8589559102502183,1.8829764127731323,0.5510234122906449,1742763,2529.409288824383,8855,466410,676.9375907111756,1025
33,1W-SUV3KO-Chloro_RNR2-647_L-HPG-488_dsDNA-405-01-Airyscan Processing-Extended Depth of Focus-objectfeatures.xlsx,Drawn segment #073 Part 34 (KO Mitos),0.556234682997422,1.0588231086730957,0.8327643450107468,184712,413.22595078299776,1918,293728,657.1096196868009,1043
34,1W-SUV3KO-Chloro_RNR2-647_L-HPG-488_dsDNA-405-01-Airyscan Processing-Extended Depth of Focus-objectfeatures.xlsx,Drawn segment #073 Part 35 (KO Mitos),2.008798267264004,1.758226752281189,0.36392552903535585,4967891,3083.7312228429546,11307,1125829,698.8386095592799,1263
35,1W-SUV3KO-Chloro_RNR2-647_L-HPG-488_dsDNA-405-01-Airyscan Processing-Extended Depth of Focus-objectfeatures.xlsx,Drawn segment #073 Part 36 (KO Mitos),2.377545111983433,2.3572168350219727,0.4407069678048869,835366,437.593504452593,4613,1069378,560.1770560502881,1138
36,1W-SUV3KO-Chloro_RNR2-647_L-HPG-488_dsDNA-405-01-Airyscan Processing-Extended Depth of Focus-objectfeatures.xlsx,Drawn segment #073 Part 37 (KO Mitos),1.0047105752237866,1.6163169145584106,0.6567399731270219,552674,684.8500619578687,2832,436469,540.8537794299876,1210
37,1W-SUV3KO-Chloro_RNR2-647_L-HPG-488_dsDNA-405-01-Airyscan Processing-Extended Depth of Focus-objectfeatures.xlsx,Drawn segment #073 Part 38 (KO Mitos),1.770234007926905,1.4437894821166992,0.2582876203377217,1245767,876.6833216045038,6147,754730,531.1259676284307,1195
38,1W-SUV3KO-Chloro_RNR2-647_L-HPG-488_dsDNA-405-01-Airyscan Processing-Extended Depth of Focus-objectfeatures.xlsx,Drawn segment #073 Part 39 (KO Mitos),0.8869856535143664,2.593743324279785,0.3359472215600812,115063,161.60533707865167,635,321684,451.80337078651684,964
39,1W-SUV3KO-Chloro_RNR2-647_L-HPG-488_dsDNA-405-01-Airyscan Processing-Extended Depth of Focus-objectfeatures.xlsx,Drawn segment #073 Part 40 (KO Mitos),0.9449137895936055,1.380345106124878,0.4573265158976727,1740317,2292.9077733860345,9628,462638,609.536231884058,965
40,1W-SUV3KO-Chloro_RNR2-647_L-HPG-488_dsDNA-405-01-Airyscan Processing-Extended Depth of Focus-objectfeatures.xlsx,Drawn segment #073 Part 41 (KO Mitos),2.280375335334396,2.6942200660705566,0.34658715815787555,2318785,1266.4036045876571,10325,1125481,614.6810486073184,1172
41,1W-SUV3KO-Chloro_RNR2-647_L-HPG-488_dsDNA-405-01-Airyscan Processing-Extended Depth of Focus-objectfeatures.xlsx,Drawn segment #073 Part 42 (KO Mitos),20.517149186170744,1.3057962656021118,0.06152615427504794,7972351,484.17047248876474,6721,9936266,603.4413943884368,1483
42,1W-SUV3KO-Chloro_RNR2-647_L-HPG-488_dsDNA-405-01-Airyscan Processing-Extended Depth of Focus-objectfeatures.xlsx,Drawn segment #073 Part 43 (KO Mitos),0.40300541982008065,1.6874980926513672,0.74355317976259,98778,304.8703703703704,1114,147347,454.7746913580247,802
43,1W-SUV3KO-Chloro_RNR2-647_L-HPG-488_dsDNA-405-01-Airyscan Processing-Extended Depth of Focus-objectfeatures.xlsx,Drawn segment #073 Part 44 (KO Mitos),2.464748757694111,1.9411765336990356,0.35367549028990064,705820,356.65487620010106,1705,886664,448.0363820111167,1046
44,1W-SUV3KO-Chloro_RNR2-647_L-HPG-488_dsDNA-405-01-Airyscan Processing-Extended Depth of Focus-objectfeatures.xlsx,Drawn segment #073 Part 45 (KO Mitos),1.2613384468866713,2.619270086288452,0.5753347259651921,388950,383.95853899308986,1598,609012,601.1964461994077,1137
45,1W-SUV3KO-Chloro_RNR2-647_L-HPG-488_dsDNA-405-01-Airyscan Processing-Extended Depth of Focus-objectfeatures.xlsx,Drawn segment #073 Part 46 (KO Mitos),3.4688364497341624,1.9631706476211548,0.4524089861554713,1108380,397.9820466786355,2523,1351636,485.3271095152603,912
46,1W-SUV3KO-Chloro_RNR2-647_L-HPG-488_dsDNA-405-01-Airyscan Processing-Extended Depth of Focus-objectfeatures.xlsx,Drawn segment #073 Part 47 (KO Mitos),1.3983727472891812,1.3896093368530273,0.7382790137542165,884181,787.3383793410508,4093,709737,632.0008904719501,1287
47,1W-SUV3KO-Chloro_RNR2-647_L-HPG-488_dsDNA-405-01-Airyscan Processing-Extended Depth of Focus-objectfeatures.xlsx,Drawn segment #073 Part 48 (KO Mitos),0.7530657690301047,1.1923092603683472,0.7935380815392723,80361,132.8280991735537,789,305793,505.44297520661155,846
48,1W-SUV3KO-Chloro_RNR2-647_L-HPG-488_dsDNA-405-01-Airyscan Processing-Extended Depth of Focus-objectfeatures.xlsx,Drawn segment #073 Part 49 (KO Mitos),0.7617861336011726,1.6831332445144653,0.7289995480134135,248519,406.0767973856209,1533,306913,501.49183006535947,895
49,1W-SUV3KO-Chloro_RNR2-647_L-HPG-488_dsDNA-405-01-Airyscan Processing-Extended Depth of Focus-objectfeatures.xlsx,Drawn segment #073 Part 50 (KO Mitos),0.6347179641370362,1.0714256763458252,0.6102814600636055,18769295,36802.53921568627,65535,633733,1242.613725490196,2367
50,1W-SUV3KO-Chloro_RNR2-647_L-HPG-488_dsDNA-405-02-Airyscan Processing-Extended Depth of Focus-objectfeatures.xlsx,Drawn segment #059 Part 1 (KO Mitos),0.9212442286149912,1.39175283908844,0.4128804531756846,166885,225.52027027027026,774,172858,233.5918918918919,586
51,1W-SUV3KO-Chloro_RNR2-647_L-HPG-488_dsDNA-405-02-Airyscan Processing-Extended Depth of Focus-objectfeatures.xlsx,Drawn segment #059 Part 2 (KO Mitos),0.21115739925658109,1.1973685026168823,0.842393962757308,91035,535.5,1216,41244,242.61176470588236,402
52,1W-SUV3KO-Chloro_RNR2-647_L-HPG-488_dsDNA-405-02-Airyscan Processing-Extended Depth of Focus-objectfeatures.xlsx,Drawn segment #059 Part 3 (KO Mitos),5.364892860758164,2.0582737922668457,0.2602223384739459,17217034,4000.2402416356877,21784,1479235,343.68842936802974,773
53,1W-SUV3KO-Chloro_RNR2-647_L-HPG-488_dsDNA-405-02-Airyscan Processing-Extended Depth of Focus-objectfeatures.xlsx,Drawn segment #059 Part 4 (KO Mitos),9.33764180606418,2.352836847305298,0.07929539702076553,32123997,4286.0569713142095,28247,2513885,335.4082721814543,966
54,1W-SUV3KO-Chloro_RNR2-647_L-HPG-488_dsDNA-405-02-Airyscan Processing-Extended Depth of Focus-objectfeatures.xlsx,Drawn segment #059 Part 5 (KO Mitos),1.0501810476300744,2.766664505004883,0.42606649228731236,268360,318.33926453143533,2172,294702,349.5871886120996,855
55,1W-SUV3KO-Chloro_RNR2-647_L-HPG-488_dsDNA-405-02-Airyscan Processing-Extended Depth of Focus-objectfeatures.xlsx,Drawn segment #059 Part 6 (KO Mitos),0.2535134557446265,1.5000051259994507,0.6562020765589308,15736,77.13725490196079,218,51807,253.9558823529412,454
56,1W-SUV3KO-Chloro_RNR2-647_L-HPG-488_dsDNA-405-02-Airyscan Processing-Extended Depth of Focus-objectfeatures.xlsx,Drawn segment #059 Part 7 (KO Mitos),5.058434334403416,1.5252269506454468,0.13141237441415615,6763834,1666.379403794038,9093,1172467,288.8561221975856,1010
57,1W-SUV3KO-Chloro_RNR2-647_L-HPG-488_dsDNA-405-02-Airyscan Processing-Extended Depth of Focus-objectfeatures.xlsx,Drawn segment #059 Part 8 (KO Mitos),0.46280220545026246,1.344635009765625,0.5301355657329614,44296,119.0752688172043,574,110972,298.31182795698925,594
58,1W-SUV3KO-Chloro_RNR2-647_L-HPG-488_dsDNA-405-02-Airyscan Processing-Extended Depth of Focus-objectfeatures.xlsx,Drawn segment #059 Part 9 (KO Mitos),5.2091720648461886,1.4228092432022095,0.24787947843706906,2846490,680.8155943554174,6812,1217162,291.1174360200909,744
59,1W-SUV3KO-Chloro_RNR2-647_L-HPG-488_dsDNA-405-02-Airyscan Processing-Extended Depth of Focus-objectfeatures.xlsx,Drawn segment #059 Part 10 (KO Mitos),8.51232158773085,2.309953451156616,0.10509377121603444,7061199,1034.0019036462147,8686,2247222,329.0704349099429,1034
60,1W-SUV3KO-Chloro_RNR2-647_L-HPG-488_dsDNA-405-02-Airyscan Processing-Extended Depth of Focus-objectfeatures.xlsx,Drawn segment #059 Part 11 (KO Mitos),0.42792074716598977,1.2142884731292725,0.8284332667678319,43288,125.83720930232558,339,82937,241.09593023255815,420
61,1W-SUV3KO-Chloro_RNR2-647_L-HPG-488_dsDNA-405-02-Airyscan Processing-Extended Depth of Focus-objectfeatures.xlsx,Drawn segment #059 Part 12 (KO Mitos),0.3033441104364444,1.0000028610229492,0.841978106727158,8002,32.795081967213115,125,59629,244.38114754098362,453
62,1W-SUV3KO-Chloro_RNR2-647_L-HPG-488_dsDNA-405-02-Airyscan Processing-Extended Depth of Focus-objectfeatures.xlsx,Drawn segment #059 Part 13 (KO Mitos),0.6297348986678541,1.86250638961792,0.6915630658339879,140428,277.52569169960475,723,126848,250.68774703557312,687
63,1W-SUV3KO-Chloro_RNR2-647_L-HPG-488_dsDNA-405-02-Airyscan Processing-Extended Depth of Focus-objectfeatures.xlsx,Drawn segment #059 Part 14 (KO Mitos),0.14014871632073997,2.374271869659424,0.5289404211724271,544252,4816.3893805309735,8549,35245,311.9026548672566,568
64,1W-SUV3KO-Chloro_RNR2-647_L-HPG-488_dsDNA-405-02-Airyscan Processing-Extended Depth of Focus-objectfeatures.xlsx,Drawn segment #059 Part 15 (KO Mitos),0.5163701592439677,1.3073137998580933,0.8101426514605957,97235,234.3012048192771,601,88360,212.9156626506024,551
65,1W-SUV3KO-Chloro_RNR2-647_L-HPG-488_dsDNA-405-02-Airyscan Processing-Extended Depth of Focus-objectfeatures.xlsx,Drawn segment #059 Part 16 (KO Mitos),1.195312829420005,1.3690474033355713,0.46460969776980143,259247,270.3305526590198,1665,199535,208.06569343065692,515
66,1W-SUV3KO-Chloro_RNR2-647_L-HPG-488_dsDNA-405-02-Airyscan Processing-Extended Depth of Focus-objectfeatures.xlsx,Drawn segment #059 Part 17 (KO Mitos),0.7487055867445707,1.497379183769226,0.45760857802716715,377604,628.2928452579035,1750,148589,247.23627287853577,617
67,1W-SUV3KO-Chloro_RNR2-647_L-HPG-488_dsDNA-405-02-Airyscan Processing-Extended Depth of Focus-objectfeatures.xlsx,Drawn segment #059 Part 18 (KO Mitos),1.0240199539168668,2.386134386062622,0.4979773766153574,470223,572.7442143727162,2246,162870,198.38002436053594,617
68,1W-SUV3KO-Chloro_RNR2-647_L-HPG-488_dsDNA-405-02-Airyscan Processing-Extended Depth of Focus-objectfeatures.xlsx,Drawn segment #059 Part 19 (KO Mitos),1.2762876432942156,3.093890428543091,0.30247321271133665,142741,139.25951219512194,507,206830,201.78536585365853,529
69,1W-SUV3KO-Chloro_RNR2-647_L-HPG-488_dsDNA-405-02-Airyscan Processing-Extended Depth of Focus-objectfeatures.xlsx,Drawn segment #059 Part 20 (KO Mitos),0.2647253530502855,1.6744087934494019,0.7642003451819127,75016,352.18779342723,839,76361,358.5023474178404,605
70,1W-SUV3KO-Chloro_RNR2-647_L-HPG-488_dsDNA-405-02-Airyscan Processing-Extended Depth of Focus-objectfeatures.xlsx,Drawn segment #059 Part 21 (KO Mitos),7.871997674940934,2.1747586727142334,0.10174390127373029,2909823,460.5607787274454,2783,2106835,333.4654954099399,1003
71,1W-SUV3KO-Chloro_RNR2-647_L-HPG-488_dsDNA-405-02-Airyscan Processing-Extended Depth of Focus-objectfeatures.xlsx,Drawn segment #059 Part 22 (KO Mitos),0.21987776382764931,2.0000040531158447,0.685783822850888,27967,158.00564971751413,567,44711,252.6045197740113,623
72,1W-SUV3KO-Chloro_RNR2-647_L-HPG-488_dsDNA-405-02-Airyscan Processing-Extended Depth of Focus-objectfeatures.xlsx,Drawn segment #059 Part 23 (KO Mitos),0.7761124468250703,1.9090946912765503,0.45751797672651645,113926,182.86677367576243,592,232275,372.8330658105939,717
73,1W-SUV3KO-Chloro_RNR2-647_L-HPG-488_dsDNA-405-02-Airyscan Processing-Extended Depth of Focus-objectfeatures.xlsx,Drawn segment #059 Part 24 (KO Mitos),1.63693700662628,3.2500171661376953,0.28549757881915117,1155138,879.1004566210046,4362,237457,180.7130898021309,572
74,1W-SUV3KO-Chloro_RNR2-647_L-HPG-488_dsDNA-405-02-Airyscan Processing-Extended Depth of Focus-objectfeatures.xlsx,Drawn segment #059 Part 25 (KO Mitos),2.870868593432396,3.687549352645874,0.16536635986558168,1948132,845.5434027777778,6517,614833,266.85460069444446,830
75,1W-SUV3KO-Chloro_RNR2-647_L-HPG-488_dsDNA-405-02-Airyscan Processing-Extended Depth of Focus-objectfeatures.xlsx,Drawn segment #059 Part 26 (KO Mitos),3.7777865088234153,1.9240202903747559,0.2642538844934258,2262639,746.0069238377844,6605,1004428,331.1665018133861,851
76,1W-SUV3KO-Chloro_RNR2-647_L-HPG-488_dsDNA-405-02-Airyscan Processing-Extended Depth of Focus-objectfeatures.xlsx,Drawn segment #059 Part 27 (KO Mitos),0.6527815764628203,1.1599963903427124,0.699662349375715,252214,481.32442748091603,2162,176649,337.11641221374043,746
77,1W-SUV3KO-Chloro_RNR2-647_L-HPG-488_dsDNA-405-02-Airyscan Processing-Extended Depth of Focus-objectfeatures.xlsx,Drawn segment #059 Part 28 (KO Mitos),1.0314945521206402,3.0563769340515137,0.4159212118845917,190334,229.8719806763285,956,269908,325.97584541062804,774
78,1W-SUV3KO-Chloro_RNR2-647_L-HPG-488_dsDNA-405-02-Airyscan Processing-Extended Depth of Focus-objectfeatures.xlsx,Drawn segment #059 Part 29 (KO Mitos),1.3335928961898122,1.3331151008605957,0.34123303757187223,166586,155.54248366013073,1002,325279,303.7152194211018,621
79,1W-SUV3KO-Chloro_RNR2-647_L-HPG-488_dsDNA-405-02-Airyscan Processing-Extended Depth of Focus-objectfeatures.xlsx,Drawn segment #059 Part 30 (KO Mitos),6.194573261377161,2.8910410404205322,0.09293870511925917,1300076,261.4794851166533,2946,1669167,335.71339501206756,777
80,1W-SUV3KO-Chloro_RNR2-647_L-HPG-488_dsDNA-405-02-Airyscan Processing-Extended Depth of Focus-objectfeatures.xlsx,Drawn segment #059 Part 31 (KO Mitos),1.0645073608539735,1.8052273988723755,0.29510891216716356,117289,137.18011695906432,434,241247,282.16023391812865,782
81,1W-SUV3KO-Chloro_RNR2-647_L-HPG-488_dsDNA-405-02-Airyscan Processing-Extended Depth of Focus-objectfeatures.xlsx,Drawn segment #059 Part 32 (KO Mitos),0.611048403158423,4.262731552124023,0.259001723506858,104587,213.0081466395112,887,161404,328.72505091649697,628
82,1W-SUV3KO-Chloro_RNR2-647_L-HPG-488_dsDNA-405-02-Airyscan Processing-Extended Depth of Focus-objectfeatures.xlsx,Drawn segment #059 Part 33 (KO Mitos),3.107564203218517,2.1144816875457764,0.166662461990827,570809,228.8728949478749,1008,883278,354.1611868484363,1148
83,1W-SUV3KO-Chloro_RNR2-647_L-HPG-488_dsDNA-405-02-Airyscan Processing-Extended Depth of Focus-objectfeatures.xlsx,Drawn segment #059 Part 34 (KO Mitos),5.472028768345613,3.1513142585754395,0.12161700595478524,1731839,394.3167122040073,4364,1420194,323.35928961748635,979
84,1W-SUV3KO-Chloro_RNR2-647_L-HPG-488_dsDNA-405-02-Airyscan Processing-Extended Depth of Focus-objectfeatures.xlsx,Drawn segment #059 Part 35 (KO Mitos),0.26347958668299004,1.3571381568908691,0.8462500553350422,39267,185.22169811320754,678,80743,380.8632075471698,653
85,1W-SUV3KO-Chloro_RNR2-647_L-HPG-488_dsDNA-405-02-Airyscan Processing-Extended Depth of Focus-objectfeatures.xlsx,Drawn segment #059 Part 36 (KO Mitos),0.9972359770200141,2.4725868701934814,0.4286240920970376,181409,226.478152309613,857,193452,241.5131086142322,603
86,1W-SUV3KO-Chloro_RNR2-647_L-HPG-488_dsDNA-405-02-Airyscan Processing-Extended Depth of Focus-objectfeatures.xlsx,Drawn segment #059 Part 37 (KO Mitos),6.562697222913079,3.000500202178955,0.09332968482148239,1405644,266.9282187618686,2649,1685102,319.9965818458033,1107
87,1W-SUV3KO-Chloro_RNR2-647_L-HPG-488_dsDNA-405-02-Airyscan Processing-Extended Depth of Focus-objectfeatures.xlsx,Drawn segment #059 Part 38 (KO Mitos),0.5799042439760362,1.0563284158706665,0.6726464317217926,37955,81.44849785407726,330,157969,338.98927038626607,616
88,1W-SUV3KO-Chloro_RNR2-647_L-HPG-488_dsDNA-405-02-Airyscan Processing-Extended Depth of Focus-objectfeatures.xlsx,Drawn segment #059 Part 39 (KO Mitos),2.05551450603758,1.5324684381484985,0.3295456358731146,522162,316.65372953305035,1650,449979,272.8799272286234,573
89,1W-SUV3KO-Chloro_RNR2-647_L-HPG-488_dsDNA-405-02-Airyscan Processing-Extended Depth of Focus-objectfeatures.xlsx,Drawn segment #059 Part 40 (KO Mitos),1.220228156765918,1.4551734924316406,0.4722799819761332,1617846,1650.8632653061225,2808,301483,307.6357142857143,885
90,1W-SUV3KO-Chloro_RNR2-647_L-HPG-488_dsDNA-405-02-Airyscan Processing-Extended Depth of Focus-objectfeatures.xlsx,Drawn segment #059 Part 41 (KO Mitos),0.4092342516565581,2.047619342803955,0.7131271963557438,52105,158.37386018237083,415,115748,351.81762917933133,724
91,1W-SUV3KO-Chloro_RNR2-647_L-HPG-488_dsDNA-405-02-Airyscan Processing-Extended Depth of Focus-objectfeatures.xlsx,Drawn segment #059 Part 42 (KO Mitos),0.3133102413748082,1.723138451576233,0.5215972292336432,88919,352.8531746031746,1443,43392,172.1904761904762,358
92,1W-SUV3KO-Chloro_RNR2-647_L-HPG-488_dsDNA-405-02-Airyscan Processing-Extended Depth of Focus-objectfeatures.xlsx,Drawn segment #059 Part 43 (KO Mitos),3.9783548939579756,3.000004529953003,0.17497831582448467,1254360,393.0930742713883,2211,951420,298.15731745534316,705
93,1W-SUV3KO-Chloro_RNR2-647_L-HPG-488_dsDNA-405-02-Airyscan Processing-Extended Depth of Focus-objectfeatures.xlsx,Drawn segment #059 Part 44 (KO Mitos),0.47775140185780796,1.999999761581421,0.6466852932689157,92442,240.734375,784,131088,341.375,632
94,1W-SUV3KO-Chloro_RNR2-647_L-HPG-488_dsDNA-405-02-Airyscan Processing-Extended Depth of Focus-objectfeatures.xlsx,Drawn segment #059 Part 45 (KO Mitos),0.9959902106527185,4.199821472167969,0.28055209414646154,279221,349.02625,1327,225724,282.155,590
95,1W-SUV3KO-Chloro_RNR2-647_L-HPG-488_dsDNA-405-02-Airyscan Processing-Extended Depth of Focus-objectfeatures.xlsx,Drawn segment #059 Part 46 (KO Mitos),0.8508584288627978,1.708335041999817,0.5914075946146646,374579,548.4319180087848,1856,175080,256.33967789165445,527
96,1W-SUV3KO-Chloro_RNR2-647_L-HPG-488_dsDNA-405-02-Airyscan Processing-Extended Depth of Focus-objectfeatures.xlsx,Drawn segment #059 Part 47 (KO Mitos),0.6459298614426953,1.7054764032363892,0.4578291896064118,154678,298.6061776061776,1317,125158,241.6177606177606,572
97,1W-SUV3KO-Chloro_RNR2-647_L-HPG-488_dsDNA-405-02-Airyscan Processing-Extended Depth of Focus-objectfeatures.xlsx,Drawn segment #059 Part 48 (KO Mitos),2.9586951223267124,2.012693166732788,0.2128273322823936,801453,337.45389473684213,1345,655792,276.1229473684211,657
98,1W-SUV3KO-Chloro_RNR2-647_L-HPG-488_dsDNA-405-02-Airyscan Processing-Extended Depth of Focus-objectfeatures.xlsx,Drawn segment #059 Part 49 (KO Mitos),0.4677852709194442,1.1102708578109741,0.7671762843918327,149985,398.89627659574467,1019,80999,215.42287234042553,407
99,1W-SUV3KO-Chloro_RNR2-647_L-HPG-488_dsDNA-405-02-Airyscan Processing-Extended Depth of Focus-objectfeatures.xlsx,Drawn segment #059 Part 50 (KO Mitos),1.5484875945482937,1.0189090967178345,0.24098406020066207,344587,277.89274193548385,1087,342071,275.86370967741937,621
100,1W-SUV3KO-Chloro_RNR2-647_L-HPG-488_dsDNA-405-02-Airyscan Processing-Extended Depth of Focus-objectfeatures.xlsx,Drawn segment #059 Part 51 (KO Mitos),0.6870401515634449,1.0769236087799072,0.8385248454844513,32660,59.166666666666664,167,409626,742.0760869565217,1530
101,1W-SUV3KO-Chloro_RNR2-647_L-HPG-488_dsDNA-405-02-Airyscan Processing-Extended Depth of Focus-objectfeatures.xlsx,Drawn segment #059 Part 52 (KO Mitos),2.118425707586,1.3833706378936768,0.3494710894242685,446743,262.9446733372572,1071,553026,325.5008828722778,770
102,1W-SUV3KO-Chloro_RNR2-647_L-HPG-488_dsDNA-405-02-Airyscan Processing-Extended Depth of Focus-objectfeatures.xlsx,Drawn segment #059 Part 53 (KO Mitos),1.6873905445017519,1.8896832466125488,0.5854514094260653,114507,84.5070110701107,263,1461804,1078.8221402214022,2162
103,1W-SUV3KO-Chloro_RNR2-647_L-HPG-488_dsDNA-405-02-Airyscan Processing-Extended Depth of Focus-objectfeatures.xlsx,Drawn segment #059 Part 54 (KO Mitos),0.40300541982008065,1.1071418523788452,0.7930172104944517,48628,150.08641975308643,654,102705,316.99074074074076,837
104,1W-SUV3KO-Chloro_RNR2-647_L-HPG-488_dsDNA-405-02-Airyscan Processing-Extended Depth of Focus-objectfeatures.xlsx,Drawn segment #059 Part 55 (KO Mitos),1.0968972864036548,1.4859812259674072,0.5140623241242763,261171,296.7852272727273,1279,298125,338.77840909090907,807
105,1W-SUV3KO-Chloro_RNR2-647_L-HPG-488_dsDNA-405-02-Airyscan Processing-Extended Depth of Focus-objectfeatures.xlsx,Drawn segment #059 Part 56 (KO Mitos),0.508272677856547,1.0434739589691162,0.6879989560722761,27161,66.57107843137256,194,103728,254.23529411764707,515
106,1W-SUV3KO-Chloro_RNR2-647_L-HPG-488_dsDNA-405-02-Airyscan Processing-Extended Depth of Focus-objectfeatures.xlsx,Drawn segment #059 Part 57 (KO Mitos),4.248686195661136,2.3571460247039795,0.267952446791825,1427192,418.89991194599355,3316,1153312,338.51247431758145,708
107,1W-SUV3KO-Chloro_RNR2-647_L-HPG-488_dsDNA-405-02-Airyscan Processing-Extended Depth of Focus-objectfeatures.xlsx,Drawn segment #059 Part 58 (KO Mitos),0.542531252957172,2.087357521057129,0.4524273245299216,46493,106.63532110091744,577,150176,344.4403669724771,1224
108,1W-SUV3KO-Chloro_RNR2-647_L-HPG-488_dsDNA-405-02-Airyscan Processing-Extended Depth of Focus-objectfeatures.xlsx,Drawn segment #059 Part 59 (KO Mitos),3.6494725729919972,2.434781074523926,0.19616442539627776,912712,311.5058020477816,1504,978270,333.8805460750853,814
109,1W-SUV3KO-Chloro_RNR2-647_L-HPG-488_dsDNA-405-02-Airyscan Processing-Extended Depth of Focus-objectfeatures.xlsx,Drawn segment #059 Part 60 (KO Mitos),1.1978043621545962,1.3863619565963745,0.6162427101084715,182509,189.91571279916752,946,292563,304.4360041623309,658
110,1W-SUV3KO-Chloro_RNR2-647_L-HPG-488_dsDNA-405-02-Airyscan Processing-Extended Depth of Focus-objectfeatures.xlsx,Drawn segment #059 Part 61 (KO Mitos),6.693502691479121,1.7908504009246826,0.22946802702341376,48588593,9056.587698042871,31870,2235374,416.6587138863001,944
111,1W-SUV3KO-Chloro_RNR2-647_L-HPG-488_dsDNA-405-02-Airyscan Processing-Extended Depth of Focus-objectfeatures.xlsx,Drawn segment #059 Part 62 (KO Mitos),6.253747163823712,1.017807126045227,0.1704029377145009,1849475,368.42131474103587,3360,1614061,321.5260956175299,772
112,1W-SUV3KO-Chloro_RNR2-647_L-HPG-488_dsDNA-405-02-Airyscan Processing-Extended Depth of Focus-objectfeatures.xlsx,Drawn segment #059 Part 63 (KO Mitos),0.4241834480641034,1.1000010967254639,0.4809113735920287,465856,1370.164705882353,4545,103189,303.4970588235294,654
113,1W-SUV3KO-Chloro_RNR2-647_L-HPG-488_dsDNA-405-02-Airyscan Processing-Extended Depth of Focus-objectfeatures.xlsx,Drawn segment #059 Part 64 (KO Mitos),0.37310702700498977,1.3333390951156616,0.7958189798568989,29371,97.90333333333334,304,395601,1318.67,3028
114,1W-SUV3KO-Chloro_RNR2-647_L-HPG-488_dsDNA-405-02-Airyscan Processing-Extended Depth of Focus-objectfeatures.xlsx,Drawn segment #059 Part 65 (KO Mitos),0.5805271271596838,1.3757622241973877,0.6421138035143711,86965,186.62017167381975,548,108614,233.07725321888412,587
115,1W-SUV3KO-Chloro_RNR2-647_L-HPG-488_dsDNA-405-02-Airyscan Processing-Extended Depth of Focus-objectfeatures.xlsx,Drawn segment #059 Part 66 (KO Mitos),1.952738780735704,1.2619011402130127,0.3488532557970445,4157241,2652.9936183790683,9308,577258,368.38417358008934,828
116,1W-SUV3KO-Chloro_RNR2-647_L-HPG-488_dsDNA-405-02-Airyscan Processing-Extended Depth of Focus-objectfeatures.xlsx,Drawn segment #059 Part 67 (KO Mitos),6.73461298159988,2.2030889987945557,0.09728045584760084,1674938,310.05886708626434,2736,1792700,331.8585708996668,1200
117,1W-SUV3KO-Chloro_RNR2-647_L-HPG-488_dsDNA-405-02-Airyscan Processing-Extended Depth of Focus-objectfeatures.xlsx,Drawn segment #059 Part 68 (KO Mitos),0.678319786992377,2.1111040115356445,0.6765243550462442,162877,298.85688073394493,1141,188905,346.61467889908255,605
118,1W-SUV3KO-Chloro_RNR2-647_L-HPG-488_dsDNA-405-02-Airyscan Processing-Extended Depth of Focus-objectfeatures.xlsx,Drawn segment #059 Part 69 (KO Mitos),0.9075407985747409,1.3529421091079712,0.7936981457602048,127518,174.9218106995885,705,218943,300.3333333333333,789
119,1W-SUV3KO-Chloro_RNR2-647_L-HPG-488_dsDNA-405-02-Airyscan Processing-Extended Depth of Focus-objectfeatures.xlsx,Drawn segment #059 Part 70 (KO Mitos),0.25164480619368346,1.2627044916152954,0.5611955560802178,10738,53.15841584158416,118,54249,268.55940594059405,516
120,1W-SUV3KO-Chloro_RNR2-647_L-HPG-488_dsDNA-405-02-Airyscan Processing-Extended Depth of Focus-objectfeatures.xlsx,Drawn segment #059 Part 71 (KO Mitos),1.6574921516866572,1.4650657176971436,0.25116625182025165,732064,550.0105184072127,2792,461464,346.7047332832457,715
121,1W-SUV3KO-Chloro_RNR2-647_L-HPG-488_dsDNA-405-02-Airyscan Processing-Extended Depth of Focus-objectfeatures.xlsx,Drawn segment #059 Part 72 (KO Mitos),0.74060810535715,1.2618457078933716,0.7898403731634837,231877,389.709243697479,1327,173703,291.9378151260504,628
122,1W-SUV3KO-Chloro_RNR2-647_L-HPG-488_dsDNA-405-02-Airyscan Processing-Extended Depth of Focus-objectfeatures.xlsx,Drawn segment #059 Part 73 (KO Mitos),0.8340405829043105,1.7200018167495728,0.5485727204457869,118716,177.18805970149253,717,373507,557.4731343283582,2509
123,1W-SUV3KO-Chloro_RNR2-647_L-HPG-488_dsDNA-405-03-Airyscan Processing-Extended Depth of Focus-objectfeatures.xlsx,Drawn segment #062 Part 1 (KO Mitos),6.613773643972185,1.5958585739135742,0.19495454057228423,3973135,748.3772838576003,5863,4012913,755.8698436617066,1759
124,1W-SUV3KO-Chloro_RNR2-647_L-HPG-488_dsDNA-405-03-Airyscan Processing-Extended Depth of Focus-objectfeatures.xlsx,Drawn segment #062 Part 2 (KO Mitos),18.799237365671665,5.656447887420654,0.06077287788894963,7855537,520.6134932732455,6385,12313459,816.0553383259328,2029
125,1W-SUV3KO-Chloro_RNR2-647_L-HPG-488_dsDNA-405-03-Airyscan Processing-Extended Depth of Focus-objectfeatures.xlsx,Drawn segment #062 Part 3 (KO Mitos),0.2684626521521719,1.3553104400634766,0.5866670062616414,10287,47.625,137,203627,942.7175925925926,1381
126,1W-SUV3KO-Chloro_RNR2-647_L-HPG-488_dsDNA-405-03-Airyscan Processing-Extended Depth of Focus-objectfeatures.xlsx,Drawn segment #062 Part 4 (KO Mitos),0.612294169525718,3.121903657913208,0.4630079083106361,113014,229.70325203252034,692,377029,766.319105691057,1133
127,1W-SUV3KO-Chloro_RNR2-647_L-HPG-488_dsDNA-405-03-Airyscan Processing-Extended Depth of Focus-objectfeatures.xlsx,Drawn segment #062 Part 5 (KO Mitos),1.2027874276237782,1.511326551437378,0.353593194582256,116438,120.53623188405797,439,1102428,1141.2298136645963,1954
128,1W-SUV3KO-Chloro_RNR2-647_L-HPG-488_dsDNA-405-03-Airyscan Processing-Extended Depth of Focus-objectfeatures.xlsx,Drawn segment #062 Part 6 (KO Mitos),62.161250195336024,2.218879222869873,0.01888727639296685,25400804,509.2382518043304,12627,47891405,960.1324178027265,2510
129,1W-SUV3KO-Chloro_RNR2-647_L-HPG-488_dsDNA-405-03-Airyscan Processing-Extended Depth of Focus-objectfeatures.xlsx,Drawn segment #062 Part 7 (KO Mitos),0.023046677794966136,2.7499871253967285,0.47417928702071527,1935,101.84210526315789,189,9843,518.0526315789474,870
130,1W-SUV3KO-Chloro_RNR2-647_L-HPG-488_dsDNA-405-03-Airyscan Processing-Extended Depth of Focus-objectfeatures.xlsx,Drawn segment #062 Part 8 (KO Mitos),0.036750107835216275,6.3399529457092285,0.18697637115173954,3903,130.1,259,16813,560.4333333333333,756
131,1W-SUV3KO-Chloro_RNR2-647_L-HPG-488_dsDNA-405-03-Airyscan Processing-Extended Depth of Focus-objectfeatures.xlsx,Drawn segment #062 Part 9 (KO Mitos),5.29139264508772,1.1230453252792358,0.12040952618807499,1216800,286.5081233812103,1493,4248619,1000.3812102660702,2148
132,1W-SUV3KO-Chloro_RNR2-647_L-HPG-488_dsDNA-405-03-Airyscan Processing-Extended Depth of Focus-objectfeatures.xlsx,Drawn segment #062 Part 10 (KO Mitos),0.0006228831836477336,1.0,0.7853981633974484,141,141.0,141,572,572.0,572
133,1W-SUV3KO-Chloro_RNR2-647_L-HPG-488_dsDNA-405-03-Airyscan Processing-Extended Depth of Focus-objectfeatures.xlsx,Drawn segment #062 Part 11 (KO Mitos),0.28092031582512633,1.2500016689300537,0.8109514251224522,132219,585.0398230088496,1419,182421,807.1725663716815,1203
134,1W-SUV3KO-Chloro_RNR2-647_L-HPG-488_dsDNA-405-03-Airyscan Processing-Extended Depth of Focus-objectfeatures.xlsx,Drawn segment #062 Part 12 (KO Mitos),1.2463892504791243,2.5483834743499756,0.47808437576749396,424303,423.8791208791209,2016,753246,752.4935064935065,1463
135,1W-SUV3KO-Chloro_RNR2-647_L-HPG-488_dsDNA-405-03-Airyscan Processing-Extended Depth of Focus-objectfeatures.xlsx,Drawn segment #062 Part 13 (KO Mitos),0.5350566547533994,1.2661263942718506,0.7851298976150998,96021,223.3046511627907,679,405280,942.5116279069767,2053
136,1W-SUV3KO-Chloro_RNR2-647_L-HPG-488_dsDNA-405-03-Airyscan Processing-Extended Depth of Focus-objectfeatures.xlsx,Drawn segment #062 Part 14 (KO Mitos),0.45034454177730787,1.4736812114715576,0.7169916126071749,45415,125.45580110497238,382,375082,1036.1381215469614,1946
137,1W-SUV3KO-Chloro_RNR2-647_L-HPG-488_dsDNA-405-03-Airyscan Processing-Extended Depth of Focus-objectfeatures.xlsx,Drawn segment #062 Part 15 (KO Mitos),0.38307315794335334,1.6822017431259155,0.7516835191346395,45210,146.78571428571428,308,272670,885.2922077922078,1535
138,1W-SUV3KO-Chloro_RNR2-647_L-HPG-488_dsDNA-405-03-Airyscan Processing-Extended Depth of Focus-objectfeatures.xlsx,Drawn segment #062 Part 16 (KO Mitos),0.28714914766160365,1.9999845027923584,0.7084680031051249,49628,214.83982683982683,745,187065,809.8051948051948,1234
139,1W-SUV3KO-Chloro_RNR2-647_L-HPG-488_dsDNA-405-03-Airyscan Processing-Extended Depth of Focus-objectfeatures.xlsx,Drawn segment #062 Part 17 (KO Mitos),0.46404797181755797,1.6095203161239624,0.7452202023931517,47484,127.3029490616622,340,395060,1059.142091152815,1571
140,1W-SUV3KO-Chloro_RNR2-647_L-HPG-488_dsDNA-405-03-Airyscan Processing-Extended Depth of Focus-objectfeatures.xlsx,Drawn segment #062 Part 18 (KO Mitos),0.2734457176213538,2.8889083862304688,0.5469889277185302,24782,112.64545454545454,265,192296,874.0727272727273,1175
141,1W-SUV3KO-Chloro_RNR2-647_L-HPG-488_dsDNA-405-03-Airyscan Processing-Extended Depth of Focus-objectfeatures.xlsx,Drawn segment #062 Part 19 (KO Mitos),0.19247090374714923,4.132096290588379,0.3701216313241505,14941,96.39354838709677,197,104752,675.8193548387097,1210
142,1W-SUV3KO-Chloro_RNR2-647_L-HPG-488_dsDNA-405-03-Airyscan Processing-Extended Depth of Focus-objectfeatures.xlsx,Drawn segment #062 Part 20 (KO Mitos),0.6608790578502409,1.20000159740448,0.5385889911960897,91823,172.924670433145,655,543764,1024.0376647834275,1779
143,1W-SUV3KO-Chloro_RNR2-647_L-HPG-488_dsDNA-405-03-Airyscan Processing-Extended Depth of Focus-objectfeatures.xlsx,Drawn segment #062 Part 21 (KO Mitos),0.2721999512540581,1.6153815984725952,0.8150459546913682,56397,257.52054794520546,665,137884,629.6073059360731,1173
144,1W-SUV3KO-Chloro_RNR2-647_L-HPG-488_dsDNA-405-03-Airyscan Processing-Extended Depth of Focus-objectfeatures.xlsx,Drawn segment #062 Part 22 (KO Mitos),4.4436486321429305,2.2283504009246826,0.1796352464742167,2353605,659.8275862068965,5703,3348516,938.748528174937,1684
145,1W-SUV3KO-Chloro_RNR2-647_L-HPG-488_dsDNA-405-03-Airyscan Processing-Extended Depth of Focus-objectfeatures.xlsx,Drawn segment #062 Part 23 (KO Mitos),0.7543115353973999,2.099998712539673,0.5782508998147876,91948,151.72937293729373,385,525208,866.6798679867986,1412
146,1W-SUV3KO-Chloro_RNR2-647_L-HPG-488_dsDNA-405-03-Airyscan Processing-Extended Depth of Focus-objectfeatures.xlsx,Drawn segment #062 Part 24 (KO Mitos),0.865184742086696,3.058823585510254,0.39388370752546453,123979,178.38705035971222,1094,684739,985.2359712230216,1660
147,1W-SUV3KO-Chloro_RNR2-647_L-HPG-488_dsDNA-405-03-Airyscan Processing-Extended Depth of Focus-objectfeatures.xlsx,Drawn segment #062 Part 25 (KO Mitos),3.2190602930914425,1.941925048828125,0.5762555565428633,16672520,6452.213622291021,29469,2674366,1034.9713622291022,2016
148,1W-SUV3KO-Chloro_RNR2-647_L-HPG-488_dsDNA-405-03-Airyscan Processing-Extended Depth of Focus-objectfeatures.xlsx,Drawn segment #062 Part 26 (KO Mitos),1.2027874276237795,3.687653064727783,0.3554531718646135,174769,180.92028985507247,789,900512,932.2070393374742,1803
149,1W-SUV3KO-Chloro_RNR2-647_L-HPG-488_dsDNA-405-03-Airyscan Processing-Extended Depth of Focus-objectfeatures.xlsx,Drawn segment #062 Part 27 (KO Mitos),0.5462685520590583,2.495941400527954,0.6206453589826224,90851,206.9498861047836,651,344985,785.8428246013667,1447
150,1W-SUV3KO-Chloro_RNR2-647_L-HPG-488_dsDNA-405-03-Airyscan Processing-Extended Depth of Focus-objectfeatures.xlsx,Drawn segment #062 Part 28 (KO Mitos),0.8240744519659455,1.392858624458313,0.7272593901493756,1704473,2574.7326283987913,8131,726090,1096.8126888217523,1749
151,1W-SUV3KO-Chloro_RNR2-647_L-HPG-488_dsDNA-405-03-Airyscan Processing-Extended Depth of Focus-objectfeatures.xlsx,Drawn segment #062 Part 29 (KO Mitos),0.47152257002133074,2.521730422973633,0.5754880399199713,119510,315.32981530343005,789,271809,717.1741424802111,1094
152,1W-SUV3KO-Chloro_RNR2-647_L-HPG-488_dsDNA-405-04-Airyscan Processing-Extended Depth of Focus-objectfeatures.xlsx,Drawn segment #068 Part 1 (KO Mitos),23.31015738164388,1.4002724885940552,0.04437288690725583,22719883,1214.8370762485295,14687,9330951,498.927975617581,1379
153,1W-SUV3KO-Chloro_RNR2-647_L-HPG-488_dsDNA-405-04-Airyscan Processing-Extended Depth of Focus-objectfeatures.xlsx,Drawn segment #068 Part 2 (KO Mitos),0.6035738049546496,2.143868923187256,0.5557341700925492,156496,322.6721649484536,1231,526749,1086.0804123711341,2770
154,1W-SUV3KO-Chloro_RNR2-647_L-HPG-488_dsDNA-405-04-Airyscan Processing-Extended Depth of Focus-objectfeatures.xlsx,Drawn segment #068 Part 3 (KO Mitos),164.6959197051414,2.8190181255340576,0.005587501457142385,128781171,974.7878391062129,25548,64752293,490.1318048322635,2196
155,1W-SUV3KO-Chloro_RNR2-647_L-HPG-488_dsDNA-405-04-Airyscan Processing-Extended Depth of Focus-objectfeatures.xlsx,Drawn segment #068 Part 4 (KO Mitos),3.983337959427135,2.2168328762054443,0.21315398784271675,15213370,4758.639349390053,17083,1622596,507.5370659993744,1247
156,1W-SUV3KO-Chloro_RNR2-647_L-HPG-488_dsDNA-405-04-Airyscan Processing-Extended Depth of Focus-objectfeatures.xlsx,Drawn segment #068 Part 5 (KO Mitos),0.4210690321458648,1.2000007629394531,0.621499374834825,105041,310.7721893491124,1237,138895,410.93195266272187,723
157,1W-SUV3KO-Chloro_RNR2-647_L-HPG-488_dsDNA-405-04-Airyscan Processing-Extended Depth of Focus-objectfeatures.xlsx,Drawn segment #068 Part 6 (KO Mitos),2.830381186495294,1.0675840377807617,0.22417159635601608,10164759,4473.925616197183,14861,1148829,505.64656690140845,1370
158,1W-SUV3KO-Chloro_RNR2-647_L-HPG-488_dsDNA-405-04-Airyscan Processing-Extended Depth of Focus-objectfeatures.xlsx,Drawn segment #068 Part 7 (KO Mitos),2.739440241682732,1.7762787342071533,0.22321609424736177,1987593,904.2734303912648,5674,1148332,522.4440400363967,1210
159,1W-SUV3KO-Chloro_RNR2-647_L-HPG-488_dsDNA-405-04-Airyscan Processing-Extended Depth of Focus-objectfeatures.xlsx,Drawn segment #068 Part 8 (KO Mitos),0.6222603004640814,2.1368141174316406,0.5212121508352221,197603,395.206,1071,198287,396.574,754
160,1W-SUV3KO-Chloro_RNR2-647_L-HPG-488_dsDNA-405-04-Airyscan Processing-Extended Depth of Focus-objectfeatures.xlsx,Drawn segment #068 Part 9 (KO Mitos),2.511464996467682,1.3607834577560425,0.39706171458086925,10580095,5253.27457795432,12818,892891,443.3421052631579,942
161,1W-SUV3KO-Chloro_RNR2-647_L-HPG-488_dsDNA-405-04-Airyscan Processing-Extended Depth of Focus-objectfeatures.xlsx,Drawn segment #068 Part 10 (KO Mitos),0.6621248242175362,1.3926392793655396,0.5066928170788774,1071413,2013.9342105263158,5902,189720,356.61654135338347,699
162,1W-SUV3KO-Chloro_RNR2-647_L-HPG-488_dsDNA-405-04-Airyscan Processing-Extended Depth of Focus-objectfeatures.xlsx,Drawn segment #068 Part 11 (KO Mitos),0.23607272660249026,2.232877731323242,0.5396815308734253,42162,221.90526315789472,798,73655,387.6578947368421,649
163,1W-SUV3KO-Chloro_RNR2-647_L-HPG-488_dsDNA-405-04-Airyscan Processing-Extended Depth of Focus-objectfeatures.xlsx,Drawn segment #068 Part 12 (KO Mitos),22.09179787443087,2.201838970184326,0.04887093965924255,18127856,1022.7281241184767,9954,9290348,524.1381100141044,3090
164,1W-SUV3KO-Chloro_RNR2-647_L-HPG-488_dsDNA-405-04-Airyscan Processing-Extended Depth of Focus-objectfeatures.xlsx,Drawn segment #068 Part 13 (KO Mitos),0.8022735405382749,2.1181983947753906,0.527324021232993,558226,866.8105590062112,3320,232617,361.20652173913044,662
165,1W-SUV3KO-Chloro_RNR2-647_L-HPG-488_dsDNA-405-04-Airyscan Processing-Extended Depth of Focus-objectfeatures.xlsx,Drawn segment #068 Part 14 (KO Mitos),0.0168178459584888,3.444422721862793,0.3734440884046557,1606,114.71428571428571,333,2704,193.14285714285714,305
166,1W-SUV3KO-Chloro_RNR2-647_L-HPG-488_dsDNA-405-04-Airyscan Processing-Extended Depth of Focus-objectfeatures.xlsx,Drawn segment #068 Part 15 (KO Mitos),1.519212084916851,1.4297560453414917,0.2643020706149331,905727,743.0082034454471,4189,684558,561.5734208367514,2940
167,1W-SUV3KO-Chloro_RNR2-647_L-HPG-488_dsDNA-405-04-Airyscan Processing-Extended Depth of Focus-objectfeatures.xlsx,Drawn segment #068 Part 16 (KO Mitos),0.3805816252087626,1.1578960418701172,0.7847943091672318,116626,381.1307189542484,853,123516,403.6470588235294,826
168,1W-SUV3KO-Chloro_RNR2-647_L-HPG-488_dsDNA-405-04-Airyscan Processing-Extended Depth of Focus-objectfeatures.xlsx,Drawn segment #068 Part 17 (KO Mitos),0.2908864467634899,1.2500064373016357,0.8566147120852852,144305,616.6880341880342,1187,114264,488.3076923076923,729
169,1W-SUV3KO-Chloro_RNR2-647_L-HPG-488_dsDNA-405-04-Airyscan Processing-Extended Depth of Focus-objectfeatures.xlsx,Drawn segment #068 Part 18 (KO Mitos),12.341807400797615,1.041805624961853,0.05414474841111596,9173727,926.3583762496213,7981,4889820,493.7715843683732,2419
170,1W-SUV3KO-Chloro_RNR2-647_L-HPG-488_dsDNA-405-04-Airyscan Processing-Extended Depth of Focus-objectfeatures.xlsx,Drawn segment #068 Part 19 (KO Mitos),0.6558959923810592,2.8235340118408203,0.44287924514866917,279810,530.9487666034156,2531,231127,438.57115749525616,810
171,1W-SUV3KO-Chloro_RNR2-647_L-HPG-488_dsDNA-405-04-Airyscan Processing-Extended Depth of Focus-objectfeatures.xlsx,Drawn segment #068 Part 20 (KO Mitos),3.312492770638597,1.5233919620513916,0.13217088388189616,4147418,1559.7660774727342,11427,1878337,706.4072959759308,1732
172,1W-SUV3KO-Chloro_RNR2-647_L-HPG-488_dsDNA-405-04-Airyscan Processing-Extended Depth of Focus-objectfeatures.xlsx,Drawn segment #068 Part 21 (KO Mitos),0.3544205314955582,1.1814329624176025,0.48404981761379223,138565,486.1929824561403,1377,182394,639.978947368421,1441
173,1W-SUV3KO-Chloro_RNR2-647_L-HPG-488_dsDNA-405-04-Airyscan Processing-Extended Depth of Focus-objectfeatures.xlsx,Drawn segment #068 Part 22 (KO Mitos),0.28590338129430815,2.3636388778686523,0.4862656247110322,95041,413.2217391304348,1428,169540,737.1304347826087,1607
174,1W-SUV3KO-Chloro_RNR2-647_L-HPG-488_dsDNA-405-04-Airyscan Processing-Extended Depth of Focus-objectfeatures.xlsx,Drawn segment #068 Part 23 (KO Mitos),0.7779810963760141,1.863921046257019,0.3106011838257112,558839,895.5753205128206,5755,335136,537.0769230769231,1086
175,1W-SUV3KO-Chloro_RNR2-647_L-HPG-488_dsDNA-405-04-Airyscan Processing-Extended Depth of Focus-objectfeatures.xlsx,Drawn segment #068 Part 24 (KO Mitos),1.189083997583529,2.587883710861206,0.4290760173389087,2172838,2275.2230366492145,9986,758331,794.0638743455497,1479
176,1W-SUV3KO-Chloro_RNR2-647_L-HPG-488_dsDNA-405-04-Airyscan Processing-Extended Depth of Focus-objectfeatures.xlsx,Drawn segment #068 Part 25 (KO Mitos),1.856191887270296,1.091856598854065,0.33064966888411795,1349545,905.7348993288591,5543,718819,482.42885906040266,1121
177,1W-SUV3KO-Chloro_RNR2-647_L-HPG-488_dsDNA-405-04-Airyscan Processing-Extended Depth of Focus-objectfeatures.xlsx,Drawn segment #068 Part 26 (KO Mitos),0.34943746602637615,1.0357145071029663,0.6405086123918056,128273,456.48754448398574,1075,72716,258.7758007117438,602
178,1W-SUV3KO-Chloro_RNR2-647_L-HPG-488_dsDNA-405-04-Airyscan Processing-Extended Depth of Focus-objectfeatures.xlsx,Drawn segment #068 Part 27 (KO Mitos),0.680811319726968,1.9857091903686523,0.5677417516776168,133285,243.6654478976234,830,333672,610.0036563071297,1053
179,1W-SUV3KO-Chloro_RNR2-647_L-HPG-488_dsDNA-405-04-Airyscan Processing-Extended Depth of Focus-objectfeatures.xlsx,Drawn segment #068 Part 28 (KO Mitos),1.1180753146476818,2.6416523456573486,0.3274752909360108,328418,365.7216035634744,1719,462686,515.2405345211581,1185
180,1W-SUV3KO-Chloro_RNR2-647_L-HPG-488_dsDNA-405-04-Airyscan Processing-Extended Depth of Focus-objectfeatures.xlsx,Drawn segment #068 Part 29 (KO Mitos),2.5139565292022725,1.9820653200149536,0.2201929305988805,4590673,2274.862735381566,9595,1351778,669.8602576808721,1795
181,1W-SUV3KO-Chloro_RNR2-647_L-HPG-488_dsDNA-405-04-Airyscan Processing-Extended Depth of Focus-objectfeatures.xlsx,Drawn segment #068 Part 30 (KO Mitos),2.6871180542563313,1.2723227739334106,0.16049441655682392,795451,368.94758812615953,2257,1218976,565.3877551020408,1327
182,1W-SUV3KO-Chloro_RNR2-647_L-HPG-488_dsDNA-405-04-Airyscan Processing-Extended Depth of Focus-objectfeatures.xlsx,Drawn segment #068 Part 31 (KO Mitos),1.1012574686891923,2.127066135406494,0.3514696226914291,274982,311.0656108597285,1271,479389,542.2952488687782,1259
183,1W-SUV3KO-Chloro_RNR2-647_L-HPG-488_dsDNA-405-04-Airyscan Processing-Extended Depth of Focus-objectfeatures.xlsx,Drawn segment #068 Part 32 (KO Mitos),0.9156382799621617,3.2439074516296387,0.3358966674895808,262235,356.78231292517006,1388,458863,624.3034013605442,1399
184,1W-SUV3KO-Chloro_RNR2-647_L-HPG-488_dsDNA-405-04-Airyscan Processing-Extended Depth of Focus-objectfeatures.xlsx,Drawn segment #068 Part 33 (KO Mitos),0.9125238640439229,1.0303064584732056,0.6306715174243795,265205,361.80763983628924,1900,334580,456.4529331514325,970
185,1W-SUV3KO-Chloro_RNR2-647_L-HPG-488_dsDNA-405-04-Airyscan Processing-Extended Depth of Focus-objectfeatures.xlsx,Drawn segment #068 Part 34 (KO Mitos),0.6621248242175359,1.7500025033950806,0.7096766005595277,2244765,4219.483082706767,9614,326276,613.3007518796992,1148
186,1W-SUV3KO-Chloro_RNR2-647_L-HPG-488_dsDNA-405-04-Airyscan Processing-Extended Depth of Focus-objectfeatures.xlsx,Drawn segment #068 Part 35 (KO Mitos),0.39553082161630776,1.388885498046875,0.758499363871849,37937,119.29874213836477,364,249536,784.7044025157232,1279
187,1W-SUV3KO-Chloro_RNR2-647_L-HPG-488_dsDNA-405-04-Airyscan Processing-Extended Depth of Focus-objectfeatures.xlsx,Drawn segment #068 Part 36 (KO Mitos),0.5101413274074901,1.2916568517684937,0.6545151191675672,133352,325.2487804878049,638,135498,330.4829268292683,824
188,1W-SUV3KO-Chloro_RNR2-647_L-HPG-488_dsDNA-405-04-Airyscan Processing-Extended Depth of Focus-objectfeatures.xlsx,Drawn segment #068 Part 37 (KO Mitos),2.2305446806425806,2.677932024002075,0.35073981384100794,4330815,2418.098827470687,12155,840831,469.47571189279734,1291
189,1W-SUV3KO-Chloro_RNR2-647_L-HPG-488_dsDNA-405-04-Airyscan Processing-Extended Depth of Focus-objectfeatures.xlsx,Drawn segment #068 Part 38 (KO Mitos),0.5649550475684904,1.9315884113311768,0.5953176509149046,26000,57.268722466960355,205,384947,847.9008810572687,1372
190,1W-SUV3KO-Chloro_RNR2-647_L-HPG-488_dsDNA-405-04-Airyscan Processing-Extended Depth of Focus-objectfeatures.xlsx,Drawn segment #068 Part 39 (KO Mitos),1.5391443467935804,1.139535903930664,0.44564417271739504,605444,489.84142394822004,1607,527531,426.80501618122975,856
191,1W-SUV3KO-Chloro_RNR2-647_L-HPG-488_dsDNA-405-04-Airyscan Processing-Extended Depth of Focus-objectfeatures.xlsx,Drawn segment #068 Part 40 (KO Mitos),0.954879920531969,1.201629877090454,0.3892997281240304,350875,457.46414602346806,2166,384222,500.9413298565841,1044
192,1W-SUV3KO-Chloro_RNR2-647_L-HPG-488_dsDNA-405-04-Airyscan Processing-Extended Depth of Focus-objectfeatures.xlsx,Drawn segment #068 Part 41 (KO Mitos),0.42542921443139875,1.0999953746795654,0.8486063076153971,78093,228.3421052631579,772,143347,419.1432748538012,1002
193,1W-SUV3KO-Chloro_RNR2-647_L-HPG-488_dsDNA-405-04-Airyscan Processing-Extended Depth of Focus-objectfeatures.xlsx,Drawn segment #068 Part 42 (KO Mitos),0.33386538643518293,1.4374964237213135,0.681755053387123,146541,546.794776119403,1726,101205,377.6305970149254,698
194,1W-SUV3KO-Chloro_RNR2-647_L-HPG-488_dsDNA-405-04-Airyscan Processing-Extended Depth of Focus-objectfeatures.xlsx,Drawn segment #068 Part 43 (KO Mitos),0.486471766428876,1.4210572242736816,0.745852936012135,991982,2537.0383631713553,7100,190928,488.306905370844,854
195,1W-SUV3KO-Chloro_RNR2-647_L-HPG-488_dsDNA-405-04-Airyscan Processing-Extended Depth of Focus-objectfeatures.xlsx,Drawn segment #068 Part 44 (KO Mitos),0.49394636463264957,1.6670114994049072,0.15628850237604713,223673,563.4080604534005,2783,138445,348.727959697733,669
196,1W-SUV3KO-Chloro_RNR2-647_L-HPG-488_dsDNA-405-04-Airyscan Processing-Extended Depth of Focus-objectfeatures.xlsx,Drawn segment #068 Part 45 (KO Mitos),0.7786039795596614,1.1796834468841553,0.5381156292016899,258359,413.3744,1423,249971,399.9536,923
197,1W-SUV3KO-Chloro_RNR2-647_L-HPG-488_dsDNA-405-04-Airyscan Processing-Extended Depth of Focus-objectfeatures.xlsx,Drawn segment #068 Part 46 (KO Mitos),0.44224706038988754,1.0000046491622925,0.6938495567394721,167323,471.3323943661972,1454,143359,403.8281690140845,867
198,1W-SUV3KO-Chloro_RNR2-647_L-HPG-488_dsDNA-405-04-Airyscan Processing-Extended Depth of Focus-objectfeatures.xlsx,Drawn segment #068 Part 47 (KO Mitos),0.9411764904917187,1.1159404516220093,0.46615612304621956,222970,294.93386243386243,1884,361846,478.63227513227514,1634
199,1W-SUV3KO-Chloro_RNR2-647_L-HPG-488_dsDNA-405-04-Airyscan Processing-Extended Depth of Focus-objectfeatures.xlsx,Drawn segment #068 Part 48 (KO Mitos),0.02429244416226161,5.999948978424072,0.3558192231054331,11308,565.4,655,8162,408.1,542
200,1W-SUV3KO-Chloro_RNR2-647_L-HPG-488_dsDNA-405-04-Airyscan Processing-Extended Depth of Focus-objectfeatures.xlsx,Drawn segment #068 Part 49 (KO Mitos),0.7742437972741272,1.5450917482376099,0.6228001280524913,127985,205.7636655948553,758,237524,381.87138263665594,903
201,1W-SUV3KO-Chloro_RNR2-647_L-HPG-488_dsDNA-405-04-Airyscan Processing-Extended Depth of Focus-objectfeatures.xlsx,Drawn segment #068 Part 50 (KO Mitos),0.825320218333241,1.3880610466003418,0.38120111336133117,1278788,1928.790346907994,5483,352045,530.9879336349925,1273
202,1W-SUV3KO-Chloro_RNR2-647_L-HPG-488_dsDNA-405-04-Airyscan Processing-Extended Depth of Focus-objectfeatures.xlsx,Drawn segment #068 Part 51 (KO Mitos),1.027757253018753,1.1913028955459595,0.4535064224287498,144055,174.8240291262136,918,661108,802.3155339805825,1862
203,1W-SUV3KO-Chloro_RNR2-647_L-HPG-488_dsDNA-405-04-Airyscan Processing-Extended Depth of Focus-objectfeatures.xlsx,Drawn segment #068 Part 52 (KO Mitos),0.11772492170942163,1.8195610046386719,0.6122304041618057,28177,296.6,767,104536,1100.378947368421,1649
204,1W-SUV3KO-Chloro_RNR2-647_L-HPG-488_dsDNA-405-04-Airyscan Processing-Extended Depth of Focus-objectfeatures.xlsx,Drawn segment #068 Part 53 (KO Mitos),1.269435928274091,1.2857168912887573,0.5333131387753539,83248,81.69578017664377,272,1523936,1495.5210991167812,3793
205,1W-SUV3KO-Chloro_RNR2-647_L-HPG-488_dsDNA-405-04-Airyscan Processing-Extended Depth of Focus-objectfeatures.xlsx,Drawn segment #068 Part 54 (KO Mitos),1.9907346549382188,1.5805951356887817,0.2124227150967662,5725588,3585.2147777082027,15072,1580739,989.8177833437695,10156
206,1W-SUV3KO-Chloro_RNR2-647_L-HPG-488_dsDNA-405-04-Airyscan Processing-Extended Depth of Focus-objectfeatures.xlsx,Drawn segment #068 Part 55 (KO Mitos),3.782769574292598,1.9398499727249146,0.22046043449137712,2151530,709.1397495056032,4204,1538824,507.19314436387606,1501
207,1W-SUV3KO-Chloro_RNR2-647_L-HPG-488_dsDNA-405-04-Airyscan Processing-Extended Depth of Focus-objectfeatures.xlsx,Drawn segment #068 Part 56 (KO Mitos),0.8670533916376391,1.863728642463684,0.3274234917501106,131481,188.9094827586207,765,392601,564.0818965517242,1256
208,1W-SUV3KO-Chloro_RNR2-647_L-HPG-488_dsDNA-405-04-Airyscan Processing-Extended Depth of Focus-objectfeatures.xlsx,Drawn segment #068 Part 57 (KO Mitos),4.6037296103404435,2.4481801986694336,0.12760299882125084,4034543,1091.892557510149,12224,1547847,418.90311231393775,1428
209,1W-SUV3KO-Chloro_RNR2-647_L-HPG-488_dsDNA-405-04-Airyscan Processing-Extended Depth of Focus-objectfeatures.xlsx,Drawn segment #068 Part 58 (KO Mitos),0.33199673688423986,1.1764717102050781,0.8253703689508953,122775,459.8314606741573,1046,118831,445.05992509363296,824
210,1W-SUV3KO-Chloro_RNR2-647_L-HPG-488_dsDNA-405-04-Airyscan Processing-Extended Depth of Focus-objectfeatures.xlsx,Drawn segment #068 Part 59 (KO Mitos),0.21115739925658114,2.2139055728912354,0.49714458198373257,66228,389.5764705882353,1120,56917,334.8058823529412,564
211,1W-SUV3KO-Chloro_RNR2-647_L-HPG-488_dsDNA-405-04-Airyscan Processing-Extended Depth of Focus-objectfeatures.xlsx,Drawn segment #068 Part 60 (KO Mitos),4.408767173858649,1.9250339269638062,0.23365303402495485,2238282,632.461712348121,6794,1772996,500.98784967504946,1409
212,1W-SUV3KO-Chloro_RNR2-647_L-HPG-488_dsDNA-405-04-Airyscan Processing-Extended Depth of Focus-objectfeatures.xlsx,Drawn segment #068 Part 61 (KO Mitos),0.538793953855286,1.2380915880203247,0.6443567137161859,224008,517.3394919168592,1834,226211,522.4272517321016,986
213,1W-SUV3KO-Chloro_RNR2-647_L-HPG-488_dsDNA-405-04-Airyscan Processing-Extended Depth of Focus-objectfeatures.xlsx,Drawn segment #068 Part 62 (KO Mitos),8.283100576148493,1.256602168083191,0.08414645107330052,79566759,11981.141243788587,46178,3057404,460.3830748381268,1177
214,1W-SUV3KO-Chloro_RNR2-647_L-HPG-488_dsDNA-405-04-Airyscan Processing-Extended Depth of Focus-objectfeatures.xlsx,Drawn segment #068 Part 63 (KO Mitos),0.4503445417773079,1.1428529024124146,0.7065538443980824,67787,187.25690607734808,544,169765,468.9640883977901,870
215,1W-SUV3KO-Chloro_RNR2-647_L-HPG-488_dsDNA-405-04-Airyscan Processing-Extended Depth of Focus-objectfeatures.xlsx,Drawn segment #068 Part 64 (KO Mitos),0.7792268627433092,2.812180519104004,0.41344757436488183,190063,303.6150159744409,843,287065,458.5702875399361,1010
216,1W-SUV3KO-Chloro_RNR2-647_L-HPG-488_dsDNA-405-04-Airyscan Processing-Extended Depth of Focus-objectfeatures.xlsx,Drawn segment #068 Part 65 (KO Mitos),0.6833028524615589,1.9720511436462402,0.4483982650125321,230800,420.4007285974499,1844,268746,489.5191256830601,1156
217,1W-SUV3KO-Chloro_RNR2-647_L-HPG-488_dsDNA-405-04-Airyscan Processing-Extended Depth of Focus-objectfeatures.xlsx,Drawn segment #068 Part 66 (KO Mitos),0.55125161752824,2.0588300228118896,0.6964374631369883,95016,214.48306997742662,793,208480,470.6094808126411,1102
218,1W-SUV3KO-Chloro_RNR2-647_L-HPG-488_dsDNA-405-04-Airyscan Processing-Extended Depth of Focus-objectfeatures.xlsx,Drawn segment #068 Part 67 (KO Mitos),0.967337584204923,1.7261444330215454,0.551184001451807,575820,741.081081081081,4054,368083,473.7232947232947,1013
219,1W-SUV3KO-Chloro_RNR2-647_L-HPG-488_dsDNA-405-04-Airyscan Processing-Extended Depth of Focus-objectfeatures.xlsx,Drawn segment #068 Part 68 (KO Mitos),0.8327948165370133,1.2170201539993286,0.7769420500984888,58782,87.86547085201794,223,1176744,1758.9596412556054,4182
220,1W-SUV3KO-Chloro_RNR2-647_L-HPG-488_dsDNA-405-04-Airyscan Processing-Extended Depth of Focus-objectfeatures.xlsx,Drawn segment #068 Part 69 (KO Mitos),2.3663332146777765,1.6666666269302368,0.3599324118880816,10632014,5601.693361433087,15456,886721,467.18703898840886,1241
221,1W-SUV3KO-Chloro_RNR2-647_L-HPG-488_dsDNA-405-04-Airyscan Processing-Extended Depth of Focus-objectfeatures.xlsx,Drawn segment #068 Part 70 (KO Mitos),3.422743094144238,2.9266722202301025,0.25180264113082534,1066842,388.36621769202765,1695,1210707,440.73789588642154,968
222,1W-SUV3KO-Chloro_RNR2-647_L-HPG-488_dsDNA-405-04-Airyscan Processing-Extended Depth of Focus-objectfeatures.xlsx,Drawn segment #068 Part 71 (KO Mitos),0.3755985597395807,1.0000026226043701,0.8068166605095491,232728,770.6225165562914,2091,172710,571.8874172185431,1076
223,1W-SUV3KO-Chloro_RNR2-647_L-HPG-488_dsDNA-405-04-Airyscan Processing-Extended Depth of Focus-objectfeatures.xlsx,Drawn segment #068 Part 72 (KO Mitos),3.466967800183225,1.0784356594085693,0.24133018275643814,1452768,522.3905070118662,2590,1466556,527.3484358144552,1457
224,1W-SUV3KO-Chloro_RNR2-647_L-HPG-488_dsDNA-405-04-Airyscan Processing-Extended Depth of Focus-objectfeatures.xlsx,Drawn segment #068 Part 73 (KO Mitos),1.499279823040121,1.6235628128051758,0.284277343658508,373850,311.0232945091514,1706,635029,528.3103161397671,1630
225,1W-SUV3KO-Chloro_RNR2-647_L-HPG-488_dsDNA-405-04-Airyscan Processing-Extended Depth of Focus-objectfeatures.xlsx,Drawn segment #068 Part 74 (KO Mitos),0.6334721977697405,1.5909146070480347,0.6486306797045852,138677,272.4499017681729,1021,279266,548.656188605108,1054
226,1W-SUV3KO-Chloro_RNR2-647_L-HPG-488_dsDNA-405-04-Airyscan Processing-Extended Depth of Focus-objectfeatures.xlsx,Drawn segment #068 Part 75 (KO Mitos),6.966948409100545,1.3044044971466064,0.13102712150411022,96026047,17199.721834139353,41140,3401230,609.211893247358,1326
227,1W-SUV3KO-Chloro_RNR2-647_L-HPG-488_dsDNA-405-04-Airyscan Processing-Extended Depth of Focus-objectfeatures.xlsx,Drawn segment #068 Part 76 (KO Mitos),0.21738623109305835,1.0952385663986206,0.8204453643963403,9431,53.89142857142857,230,150216,858.3771428571429,1467
228,1W-SUV3KO-Chloro_RNR2-647_L-HPG-488_dsDNA-405-04-Airyscan Processing-Extended Depth of Focus-objectfeatures.xlsx,Drawn segment #068 Part 77 (KO Mitos),0.5475143184263541,1.6597927808761597,0.7453003430353059,115526,262.5590909090909,922,213368,484.92727272727274,974
229,1W-SUV3KO-Chloro_RNR2-647_L-HPG-488_dsDNA-405-04-Airyscan Processing-Extended Depth of Focus-objectfeatures.xlsx,Drawn segment #068 Part 78 (KO Mitos),0.8938373685344909,1.913047194480896,0.6624002146272829,294904,410.7298050139276,1542,430921,600.1685236768802,1514
230,1W-SUV3KO-Chloro_RNR2-647_L-HPG-488_dsDNA-405-04-Airyscan Processing-Extended Depth of Focus-objectfeatures.xlsx,Drawn segment #068 Part 79 (KO Mitos),1.6986024418074097,1.0769238471984863,0.2534512567068107,1469618,1079.014684287812,6441,627828,460.9603524229075,1010
231,1W-SUV3KO-Chloro_RNR2-647_L-HPG-488_dsDNA-405-04-Airyscan Processing-Extended Depth of Focus-objectfeatures.xlsx,Drawn segment #068 Part 80 (KO Mitos),0.10028419256728512,2.441854238510132,0.556708316973607,2210,27.28395061728395,150,59016,728.5925925925926,1072
232,1W-SUV3KO-Chloro_RNR2-647_L-HPG-488_dsDNA-405-04-Airyscan Processing-Extended Depth of Focus-objectfeatures.xlsx,Drawn segment #068 Part 81 (KO Mitos),0.22984389476601294,1.0,0.8040483617996316,10511,56.81621621621622,232,230060,1243.5675675675675,2963
233,1W-SUV3KO-Chloro_RNR2-647_L-HPG-488_dsDNA-405-04-Airyscan Processing-Extended Depth of Focus-objectfeatures.xlsx,Drawn segment #068 Part 82 (KO Mitos),0.26846265215217174,1.2666685581207275,0.8373167922060402,77698,359.712962962963,1195,96898,448.60185185185185,746
234,1W-SUV3KO-Chloro_RNR2-647_L-HPG-488_dsDNA-405-04-Airyscan Processing-Extended Depth of Focus-objectfeatures.xlsx,Drawn segment #068 Part 83 (KO Mitos),1.397126980921886,2.805365562438965,0.3883068944787739,394289,351.4162210338681,2033,415002,369.8770053475936,883
235,1W-SUV3KO-Chloro_RNR2-647_L-HPG-488_dsDNA-405-04-Airyscan Processing-Extended Depth of Focus-objectfeatures.xlsx,Drawn segment #068 Part 84 (KO Mitos),0.43290381263517175,1.5076923370361328,0.6212347000655786,127833,367.33620689655174,963,169783,487.882183908046,902
236,1W-SUV3KO-Chloro_RNR2-647_L-HPG-488_dsDNA-405-04-Airyscan Processing-Extended Depth of Focus-objectfeatures.xlsx,Drawn segment #068 Part 85 (KO Mitos),2.247362526601068,1.2978720664978027,0.3348147620353015,714122,396.07432057681643,1927,838193,464.8879645036051,1490
