,Distance,Peak_1 Channel 1,Peak_1 Channel 2,Peak_1 Channel 3,Peak_2 Channel 1,Peak_2 Channel 2,Peak_2 Channel 3,Peak_3 Channel 1,Peak_3 Channel 2,Peak_3 Channel 3,Peak_4 Channel 1,Peak_4 Channel 2,Peak_4 Channel 3,Peak_5 Channel 1,Peak_5 Channel 2,Peak_5 Channel 3,Peak_6 Channel 1,Peak_6 Channel 2,Peak_6 Channel 3,Peak_7 Channel 1,Peak_7 Channel 2,Peak_7 Channel 3,Peak_8 Channel 1,Peak_8 Channel 2,Peak_8 Channel 3,Peak_9 Channel 1,Peak_9 Channel 2,Peak_9 Channel 3,Peak_10 Channel 1,Peak_10 Channel 2,Peak_10 Channel 3,Peak_11 Channel 1,Peak_11 Channel 2,Peak_11 Channel 3,Peak_12 Channel 1,Peak_12 Channel 2,Peak_12 Channel 3,Peak_13 Channel 1,Peak_13 Channel 2,Peak_13 Channel 3,Peak_14 Channel 1,Peak_14 Channel 2,Peak_14 Channel 3,Peak_15 Channel 1,Peak_15 Channel 2,Peak_15 Channel 3,Peak_16 Channel 1,Peak_16 Channel 2,Peak_16 Channel 3,Peak_17 Channel 1,Peak_17 Channel 2,Peak_17 Channel 3,Peak_18 Channel 1,Peak_18 Channel 2,Peak_18 Channel 3,Peak_19 Channel 1,Peak_19 Channel 2,Peak_19 Channel 3,Peak_20 Channel 1,Peak_20 Channel 2,Peak_20 Channel 3,Peak_21 Channel 1,Peak_21 Channel 2,Peak_21 Channel 3,Peak_22 Channel 1,Peak_22 Channel 2,Peak_22 Channel 3,Peak_23 Channel 1,Peak_23 Channel 2,Peak_23 Channel 3,Peak_24 Channel 1,Peak_24 Channel 2,Peak_24 Channel 3,Peak_25 Channel 1,Peak_25 Channel 2,Peak_25 Channel 3,Peak_26 Channel 1,Peak_26 Channel 2,Peak_26 Channel 3,Peak_27 Channel 1,Peak_27 Channel 2,Peak_27 Channel 3,Peak_28 Channel 1,Peak_28 Channel 2,Peak_28 Channel 3,Peak_29 Channel 1,Peak_29 Channel 2,Peak_29 Channel 3,Peak_30 Channel 1,Peak_30 Channel 2,Peak_30 Channel 3,Peak_31 Channel 1,Peak_31 Channel 2,Peak_31 Channel 3,Peak_32 Channel 1,Peak_32 Channel 2,Peak_32 Channel 3,Peak_33 Channel 1,Peak_33 Channel 2,Peak_33 Channel 3,Peak_34 Channel 1,Peak_34 Channel 2,Peak_34 Channel 3,Peak_35 Channel 1,Peak_35 Channel 2,Peak_35 Channel 3,Peak_36 Channel 1,Peak_36 Channel 2,Peak_36 Channel 3,Peak_37 Channel 1,Peak_37 Channel 2,Peak_37 Channel 3,Peak_38 Channel 1,Peak_38 Channel 2,Peak_38 Channel 3,Peak_39 Channel 1,Peak_39 Channel 2,Peak_39 Channel 3,Peak_40 Channel 1,Peak_40 Channel 2,Peak_40 Channel 3,Peak_41 Channel 1,Peak_41 Channel 2,Peak_41 Channel 3,Peak_42 Channel 1,Peak_42 Channel 2,Peak_42 Channel 3,Peak_43 Channel 1,Peak_43 Channel 2,Peak_43 Channel 3,Peak_44 Channel 1,Peak_44 Channel 2,Peak_44 Channel 3,Peak_45 Channel 1,Peak_45 Channel 2,Peak_45 Channel 3,Peak_46 Channel 1,Peak_46 Channel 2,Peak_46 Channel 3,Peak_47 Channel 1,Peak_47 Channel 2,Peak_47 Channel 3,Peak_48 Channel 1,Peak_48 Channel 2,Peak_48 Channel 3,Peak_49 Channel 1,Peak_49 Channel 2,Peak_49 Channel 3,Peak_50 Channel 1,Peak_50 Channel 2,Peak_50 Channel 3,Peak_51 Channel 1,Peak_51 Channel 2,Peak_51 Channel 3,Peak_52 Channel 1,Peak_52 Channel 2,Peak_52 Channel 3,Peak_53 Channel 1,Peak_53 Channel 2,Peak_53 Channel 3,Peak_54 Channel 1,Peak_54 Channel 2,Peak_54 Channel 3,Peak_55 Channel 1,Peak_55 Channel 2,Peak_55 Channel 3,Peak_56 Channel 1,Peak_56 Channel 2,Peak_56 Channel 3,Peak_57 Channel 1,Peak_57 Channel 2,Peak_57 Channel 3,Peak_58 Channel 1,Peak_58 Channel 2,Peak_58 Channel 3,Peak_59 Channel 1,Peak_59 Channel 2,Peak_59 Channel 3,Peak_60 Channel 1,Peak_60 Channel 2,Peak_60 Channel 3,Peak_61 Channel 1,Peak_61 Channel 2,Peak_61 Channel 3,Peak_62 Channel 1,Peak_62 Channel 2,Peak_62 Channel 3,Peak_63 Channel 1,Peak_63 Channel 2,Peak_63 Channel 3,Peak_64 Channel 1,Peak_64 Channel 2,Peak_64 Channel 3,Peak_65 Channel 1,Peak_65 Channel 2,Peak_65 Channel 3,Peak_66 Channel 1,Peak_66 Channel 2,Peak_66 Channel 3,Peak_67 Channel 1,Peak_67 Channel 2,Peak_67 Channel 3,Peak_68 Channel 1,Peak_68 Channel 2,Peak_68 Channel 3,Peak_69 Channel 1,Peak_69 Channel 2,Peak_69 Channel 3,Peak_70 Channel 1,Peak_70 Channel 2,Peak_70 Channel 3,Peak_71 Channel 1,Peak_71 Channel 2,Peak_71 Channel 3,Peak_72 Channel 1,Peak_72 Channel 2,Peak_72 Channel 3,Peak_73 Channel 1,Peak_73 Channel 2,Peak_73 Channel 3,Peak_74 Channel 1,Peak_74 Channel 2,Peak_74 Channel 3,Peak_75 Channel 1,Peak_75 Channel 2,Peak_75 Channel 3,Peak_76 Channel 1,Peak_76 Channel 2,Peak_76 Channel 3,Peak_77 Channel 1,Peak_77 Channel 2,Peak_77 Channel 3,Peak_78 Channel 1,Peak_78 Channel 2,Peak_78 Channel 3,Peak_79 Channel 1,Peak_79 Channel 2,Peak_79 Channel 3,Peak_80 Channel 1,Peak_80 Channel 2,Peak_80 Channel 3,Peak_81 Channel 1,Peak_81 Channel 2,Peak_81 Channel 3,Peak_82 Channel 1,Peak_82 Channel 2,Peak_82 Channel 3,Peak_83 Channel 1,Peak_83 Channel 2,Peak_83 Channel 3,Peak_84 Channel 1,Peak_84 Channel 2,Peak_84 Channel 3,Peak_85 Channel 1,Peak_85 Channel 2,Peak_85 Channel 3,Peak_86 Channel 1,Peak_86 Channel 2,Peak_86 Channel 3,Peak_87 Channel 1,Peak_87 Channel 2,Peak_87 Channel 3,Peak_88 Channel 1,Peak_88 Channel 2,Peak_88 Channel 3,Peak_89 Channel 1,Peak_89 Channel 2,Peak_89 Channel 3,Peak_90 Channel 1,Peak_90 Channel 2,Peak_90 Channel 3,Peak_91 Channel 1,Peak_91 Channel 2,Peak_91 Channel 3,Peak_92 Channel 1,Peak_92 Channel 2,Peak_92 Channel 3,Peak_93 Channel 1,Peak_93 Channel 2,Peak_93 Channel 3,Peak_94 Channel 1,Peak_94 Channel 2,Peak_94 Channel 3,Peak_95 Channel 1,Peak_95 Channel 2,Peak_95 Channel 3,Peak_96 Channel 1,Peak_96 Channel 2,Peak_96 Channel 3,Peak_97 Channel 1,Peak_97 Channel 2,Peak_97 Channel 3,Peak_98 Channel 1,Peak_98 Channel 2,Peak_98 Channel 3,Peak_99 Channel 1,Peak_99 Channel 2,Peak_99 Channel 3,Peak_100 Channel 1,Peak_100 Channel 2,Peak_100 Channel 3,Peak_101 Channel 1,Peak_101 Channel 2,Peak_101 Channel 3,Peak_102 Channel 1,Peak_102 Channel 2,Peak_102 Channel 3,Peak_103 Channel 1,Peak_103 Channel 2,Peak_103 Channel 3,Peak_104 Channel 1,Peak_104 Channel 2,Peak_104 Channel 3,Peak_105 Channel 1,Peak_105 Channel 2,Peak_105 Channel 3,Peak_106 Channel 1,Peak_106 Channel 2,Peak_106 Channel 3
0,0.0,350.11,155.72,11773.56,106.198,296.372,5403.094,562.36,126.82,8509.62,213.21,153.122,6241.887,623.28,2580.12,2778.62,169.1,231.68,4526.38,21.222,1246.288,3743.258,85.3,4684.96,2922.6,102.1,236.19,3471.83,320.114,804.233,4537.729,633.0,412.0,7391.0,285.438,186.221,3474.804,64.32,164.46,3626.52,246.12,148.17,4692.68,31.08,274.882,2004.02,916.294,70.769,412.914,528.0,399.0,10102.0,110.83,208.44,3950.36,324.123,719.348,6463.584,115.83,136.3,4172.35,607.524,78.611,1599.285,287.0,259.0,1635.0,626.62,334.22,10077.8,310.0,1170.0,3211.0,288.432,313.703,12144.313,747.535,286.25,6502.198,129.411,205.684,6768.53,318.03,304.63,3048.87,677.08,122.84,2827.36,219.543,324.128,7555.93,101.02,486.86,13954.82,190.42,404.92,6485.92,140.44,1687.54,5545.18,87.998,49.769,6195.707,82.647,236.605,5305.453,292.0,465.0,2666.0,395.28,305.814,8314.293,92.92,143.46,3141.3,255.04,439.6,4668.88,628.536,150.96,7766.183,615.86,3625.97,6340.89,148.395,259.008,3542.58,277.4,89.16,2663.0,128.02,662.74,5376.16,204.2,214.4,6491.6,222.0,125.0,6083.0,48.02,149.43,5973.95,206.4,123.72,3979.8,740.225,137.15,2916.112,188.04,79.74,2943.5,60.4,278.15,6898.4,314.4,863.95,2054.95,165.0,97.4,10906.5,383.36,328.2,4506.42,541.36,175.48,3249.16,457.37,182.17,4695.5,467.59,84.54,4594.52,974.84,1268.88,2309.4,266.194,475.519,1907.705,105.69,94.57,3247.31,677.05,295.05,3243.55,159.75,103.791,9391.732,335.06,285.42,2519.14,758.189,1417.783,8652.491,328.75,145.99,3250.43,161.89,154.92,5291.86,346.0,328.12,3702.08,128.61,121.88,4237.81,319.6,439.4,2403.45,158.46,173.7,5932.58,526.455,514.368,3046.016,297.805,110.202,3694.471,199.71,1199.6,7354.3,168.48,456.14,5546.53,342.72,193.68,18638.98,329.93,175.938,2043.085,144.16,173.86,10005.2,214.35,382.18,15317.8,230.322,256.79,8924.672,300.824,270.306,3678.624,431.0,181.0,3299.0,264.15,2072.57,5598.43,987.88,886.08,1115.88,484.4,333.94,5558.92,418.44,66.6,6355.12,486.18,265.57,2627.32,92.215,2108.893,3042.413,274.52,51.68,2486.16,184.54,138.12,3724.84,163.875,267.237,15501.369,302.553,264.646,4596.385,240.03,2418.45,3024.32,404.594,539.627,3243.727,443.48,388.76,8685.48,128.299,416.964,4842.294,145.544,1900.586,6923.896,91.42,381.55,6278.79,80.38,249.76,8774.38,648.801,2768.609,12568.092,453.73,472.32,12517.83,130.41,318.224,22217.944,213.779,519.294,2090.65,320.85,4756.78,7167.26,300.7,145.0,9629.42,264.87,93.22,2509.76,479.82,160.88,3266.64
1,0.035,389.912,189.815,13512.163,130.17,365.03,5431.69,577.68,117.42,8040.6,195.425,173.246,5266.239,573.408,1883.694,2578.047,154.24,223.62,4608.26,21.98,1033.86,3241.8,86.34,4200.58,4062.02,72.67,209.13,3935.05,297.808,719.755,4050.782,651.0,380.0,8042.0,293.355,279.776,1898.451,57.39,208.88,4009.48,179.92,121.75,5075.93,30.19,257.29,2120.95,783.14,75.231,380.012,485.0,399.0,11161.0,101.969,234.777,4962.814,370.0,666.309,5852.064,127.37,151.66,5614.18,453.776,113.859,1706.439,281.0,176.0,1551.0,682.384,172.268,10701.961,306.0,1162.0,2886.0,335.862,443.184,13770.381,695.209,265.3,9939.188,118.881,222.407,7339.422,229.65,274.47,3049.054,602.92,96.88,2351.0,213.14,313.28,7962.52,114.72,540.94,12446.98,196.36,380.68,9986.04,96.88,990.2,5055.26,92.476,52.993,3421.055,87.0,299.0,5703.0,216.0,512.0,3638.0,463.459,411.336,11405.764,107.56,121.16,3728.0,257.068,370.21,3941.697,692.767,180.569,6344.191,750.94,3202.68,5062.86,187.6,295.0,3814.2,323.716,160.484,3093.92,142.3,891.06,4648.14,215.679,219.096,6850.045,196.5,158.5,4602.5,48.62,121.42,6710.08,225.764,130.511,3931.985,702.1,164.18,2368.91,125.16,71.16,2713.3,39.503,244.622,5565.203,355.953,654.368,2338.049,175.9,86.0,11347.0,412.538,287.527,4086.83,457.96,166.88,3559.32,382.41,164.31,4396.98,502.03,96.74,5035.38,923.16,1964.2,1562.6,296.101,559.987,2038.218,88.26,117.65,2800.86,708.83,228.44,2210.48,168.289,99.928,11482.381,352.93,227.5,2877.99,811.16,1768.1,11110.96,375.59,186.86,3728.89,176.186,173.777,7055.23,329.64,308.28,3770.0,175.15,156.04,5495.71,444.25,419.5,2655.05,110.19,148.205,5944.246,508.16,478.755,2925.378,436.2,129.0,4067.36,208.32,1581.76,6721.78,146.786,347.652,6107.173,290.9,204.0,20935.54,403.384,180.441,3417.183,141.661,144.135,8654.673,236.913,375.941,13129.777,199.837,288.433,7629.242,261.68,179.8,3370.32,467.0,195.0,4149.0,249.93,2162.41,5708.98,791.68,530.72,1288.64,432.7,288.52,6691.37,361.356,42.399,6775.633,584.27,178.37,2940.65,73.028,1625.828,2319.016,264.12,45.6,2090.84,182.04,162.48,3991.86,129.92,191.5,14542.0,257.1,325.16,4292.3,213.52,3659.48,2736.5,436.86,436.9,2771.96,386.08,384.92,9675.36,135.336,353.763,4540.767,159.841,1984.71,8018.798,70.2,316.02,6947.36,69.8,316.0,8209.46,770.116,3230.6,16328.875,536.402,377.955,10171.74,106.556,341.119,14675.302,215.94,734.29,2339.71,321.78,3789.36,7717.9,322.735,189.161,7664.716,246.52,71.46,2689.21,448.658,105.347,4074.556
2,0.07,422.4,203.8,14508.0,149.55,447.88,4518.84,549.32,125.12,7925.2,175.303,190.211,4496.631,522.129,1196.743,2628.913,130.5,210.3,4504.0,25.564,706.767,3356.842,83.369,3088.157,5518.297,61.73,179.98,4467.71,256.45,618.406,3534.693,649.0,374.0,8583.0,290.958,314.892,1572.066,70.517,290.247,5755.674,131.69,112.7,4989.93,49.31,248.14,3365.57,668.194,109.216,432.291,410.0,310.0,11612.0,91.363,256.367,5481.777,384.74,538.92,4791.57,147.42,158.88,7332.09,302.201,167.581,2075.106,261.0,180.0,1475.0,720.16,215.0,11272.48,277.0,1035.0,2736.0,392.209,568.008,14967.714,642.84,245.92,10290.2,98.946,205.249,7068.813,164.016,228.947,3832.796,527.4,86.08,1975.48,218.88,273.8,7515.28,125.78,520.44,9921.9,218.4,338.2,13495.06,93.26,621.72,5830.68,103.054,62.124,1826.478,111.542,186.913,6403.085,141.561,501.151,5171.268,530.0,573.9,14563.6,124.22,95.18,4437.22,264.489,338.217,4317.399,725.68,169.28,4743.32,852.18,2518.63,4339.39,229.4,391.0,3663.8,284.215,159.334,4050.805,151.845,1093.057,5477.092,209.97,237.302,7394.754,225.5,218.0,3238.0,71.298,116.71,6979.544,228.57,135.96,4096.73,682.0,206.55,2237.49,72.66,70.9,2807.3,24.321,202.4,4183.272,406.185,453.423,2900.975,186.8,87.7,10468.8,438.63,226.84,4048.61,352.56,141.16,3750.44,288.57,145.03,3985.65,501.36,93.45,4922.85,871.472,2417.451,1123.426,271.208,325.768,1762.376,82.3,167.92,2565.83,724.54,193.47,1896.65,162.184,143.177,12231.543,395.95,219.36,3275.18,805.729,2208.914,12893.792,358.335,228.77,4350.524,205.11,178.1,8180.03,314.48,316.84,5174.4,225.91,228.28,7077.97,557.55,322.05,2620.65,102.066,124.494,5742.809,449.155,421.82,3098.493,576.2,135.52,3818.4,230.886,1655.86,5545.572,127.94,281.8,6675.46,256.92,259.32,23659.52,462.664,163.44,4882.637,163.16,122.88,8576.46,262.091,383.28,11844.296,167.879,291.537,5742.863,245.52,159.16,3227.48,526.0,157.0,5033.0,241.61,1906.14,6012.59,615.84,334.2,1713.08,380.25,274.07,7407.22,314.147,78.295,7560.77,636.77,190.84,3395.27,66.12,1015.12,1897.14,267.185,30.959,2073.249,192.78,172.8,4046.98,112.88,166.26,12465.52,205.265,303.938,3122.576,198.541,5148.676,2276.164,499.06,377.24,2425.8,354.235,385.475,9851.057,140.224,252.672,3706.239,190.249,2036.607,8612.833,55.27,239.87,7376.59,60.64,344.58,8322.8,894.6,3489.2,19651.4,610.489,303.535,9392.867,90.414,300.848,8735.93,248.1,1005.995,2317.811,333.91,2532.697,7903.108,329.821,246.329,5043.957,253.801,69.335,3212.571,437.8,71.95,4698.9
3,0.10500000000000001,434.2,158.8,13197.8,172.241,479.968,3602.699,491.14,146.66,8178.06,167.042,180.275,3845.322,472.869,562.395,2750.848,116.52,207.48,4146.7,36.584,416.962,4059.892,74.943,2073.514,6487.01,52.349,144.291,4941.657,183.46,517.02,3529.78,623.0,397.0,9046.0,285.093,285.713,1587.368,97.755,364.75,9103.344,94.776,136.939,4092.941,93.53,208.34,6312.78,577.33,136.765,655.076,321.0,219.0,10851.0,79.674,217.337,5312.924,395.593,449.373,3569.997,170.03,175.42,9198.69,184.722,192.442,2350.721,238.0,190.0,1777.0,694.52,212.92,10425.12,241.0,834.0,2593.0,475.0,672.0,15730.0,592.41,243.225,11678.949,84.056,214.204,6482.605,105.16,141.74,3811.98,457.24,111.04,1882.44,239.58,218.12,6462.3,133.84,487.66,8083.48,226.72,265.54,15956.52,109.54,518.66,6895.04,120.24,80.72,1240.68,151.04,116.28,7243.18,95.419,441.883,6922.789,570.7,773.5,18363.5,146.052,68.683,5198.27,267.93,356.81,5099.65,657.532,178.221,4857.357,970.363,1931.893,3717.148,289.2,553.2,3375.0,227.682,162.7,4435.416,183.91,1296.1,7699.32,214.28,268.28,6761.32,271.5,262.0,2322.5,106.0,145.0,6553.0,210.178,142.306,5021.785,673.42,236.6,2291.14,43.34,104.08,3235.48,18.857,197.028,3304.477,432.541,275.337,3611.392,193.7,115.8,8652.3,449.39,197.27,4483.33,250.16,122.44,4050.2,202.11,122.89,3862.07,464.6,72.98,4230.05,790.266,2257.836,1018.384,229.22,242.24,1862.94,100.9,199.02,2639.71,714.49,269.82,1978.33,157.16,207.79,12068.75,438.22,190.79,3444.77,803.635,2424.417,12764.864,358.8,235.6,4715.6,235.552,186.192,8740.667,281.92,343.88,6947.8,262.31,291.56,8478.4,641.8,280.95,2428.5,111.823,117.768,5168.82,354.08,329.04,3483.84,691.56,152.72,3207.12,252.5,1439.48,4252.32,113.586,242.528,6949.621,245.562,321.824,27835.833,492.556,203.375,6041.361,207.16,119.56,8757.08,277.93,558.362,9889.825,130.11,285.306,4025.578,244.64,173.4,2942.24,574.0,158.0,6096.0,250.36,1577.77,5938.53,507.6,278.0,2275.88,367.73,289.41,7442.36,333.72,138.88,7982.12,640.01,215.44,3767.85,52.349,570.451,2170.837,265.66,32.38,2354.2,205.74,154.38,3626.6,111.66,137.5,10753.38,167.22,216.29,2131.04,211.48,6323.72,1894.4,585.68,372.96,1886.78,292.9,338.3,9454.8,145.499,189.74,2774.659,208.354,1938.83,8571.851,56.85,191.59,7955.16,53.06,322.16,8633.0,994.0,3374.2,21423.2,653.329,299.229,9023.317,84.203,233.586,5073.899,256.009,1357.687,2302.538,369.3,1442.4,7687.35,310.314,281.028,3091.763,293.25,71.5,3402.25,432.9,73.15,5112.45
4,0.14,440.0,113.0,10926.2,176.832,447.844,3975.831,426.46,162.06,8819.96,145.94,192.58,3550.34,444.584,201.362,3720.604,118.64,252.34,4436.12,70.496,204.407,4915.193,72.649,1192.452,7026.7,35.545,80.729,5798.045,133.0,362.12,4475.7,598.0,370.0,9081.0,275.241,219.979,1580.129,107.683,397.102,13145.393,71.193,189.304,2768.109,154.883,156.638,8974.088,462.07,142.42,1009.73,325.515,190.479,9066.679,74.281,211.661,3989.218,361.22,420.438,2690.754,203.36,209.489,11697.697,134.913,188.634,2580.846,226.0,161.0,3006.0,636.52,187.96,9567.04,201.0,606.0,2592.0,603.0,759.0,14623.0,530.4,204.65,13262.1,91.9,247.48,5725.27,65.78,162.54,4134.4,386.12,123.4,1826.68,289.98,199.36,5767.74,186.92,492.88,8032.3,222.677,186.061,16694.445,138.44,458.44,7371.1,134.36,146.32,1250.16,202.3,96.72,8046.7,69.23,363.26,8675.6,589.7,883.7,21907.1,182.33,58.41,5545.08,247.606,345.452,5546.34,584.13,196.13,5176.98,1048.2,1415.0,3323.4,339.764,775.119,3734.775,167.35,182.653,4144.113,243.63,1396.14,9420.91,217.64,336.24,5437.8,317.0,276.0,1844.5,172.0,171.0,6880.0,188.6,137.2,6873.8,635.21,246.04,2585.77,26.72,135.88,3990.12,30.88,187.96,2666.32,412.9,154.359,4374.147,205.7,138.8,6478.0,446.49,199.24,5073.39,226.36,136.64,4132.96,153.04,106.16,4048.73,404.58,41.88,4025.59,775.666,2528.134,1491.651,220.836,236.265,2106.371,142.51,199.26,2755.44,668.98,289.56,2356.1,151.089,244.905,10319.121,473.85,192.55,3336.06,711.98,2825.42,11015.88,365.6,274.0,4956.2,268.12,191.72,9763.48,237.88,347.68,8077.76,274.47,322.89,9171.33,681.95,347.0,2445.35,124.16,167.15,4863.09,243.843,221.277,3813.084,760.44,159.4,2698.68,302.5,1304.15,3141.15,109.488,238.381,6959.539,252.94,352.78,31410.78,469.698,299.706,6483.366,249.21,126.68,8509.12,284.214,722.86,7845.373,129.63,238.5,3053.44,236.774,189.639,2795.706,507.704,155.379,7657.955,282.94,1303.61,5268.19,477.64,242.36,3435.4,356.79,303.34,6930.64,357.849,173.982,7366.347,632.676,234.34,4001.717,51.9,314.5,2687.1,289.975,105.547,2293.559,180.309,121.309,3378.864,122.84,117.06,9015.92,118.785,145.726,1775.019,243.36,7004.32,2641.56,682.743,450.384,1213.745,230.15,263.55,8602.95,155.781,226.707,2601.016,213.571,1593.616,7665.056,75.531,183.54,9178.108,57.82,284.02,8587.3,1050.853,2907.685,27267.81,612.59,381.35,8247.72,78.995,152.78,2923.786,270.18,1711.251,2194.665,395.22,796.648,7054.563,267.823,261.766,2417.952,362.0,70.5,3112.0,404.6,114.05,5941.9
5,0.17500000000000002,419.8,135.0,8943.8,250.823,577.233,4466.202,371.0,185.3,9800.16,158.553,221.048,3068.654,428.35,96.013,4641.124,126.06,365.36,5706.0,81.44,174.19,5830.84,96.534,718.487,7318.483,36.0,55.5,6328.2,102.6,322.74,6500.08,552.0,335.0,8233.0,255.615,170.647,2197.65,103.52,397.04,16595.72,56.575,297.952,1594.886,218.332,158.282,10392.964,340.25,121.84,1769.31,331.04,230.38,6945.54,71.506,195.329,2867.131,318.516,438.271,2181.569,246.35,232.3,14683.9,139.081,173.491,2691.092,211.0,104.0,4667.0,554.8,177.52,9050.2,176.0,394.0,3488.0,642.083,724.816,13787.144,495.45,174.25,13937.0,129.21,309.71,4435.58,48.34,210.04,5075.92,329.922,127.114,2073.668,377.24,252.9,5239.5,235.04,452.82,9452.02,208.589,178.583,17240.983,181.02,387.82,7472.78,148.593,180.716,1480.938,255.98,111.16,9171.54,78.113,358.613,9757.19,621.6,883.9,24246.7,213.994,84.403,4930.146,255.59,345.089,5812.188,517.74,269.39,5787.82,1011.6,944.4,3126.2,374.664,964.257,4919.439,109.489,253.397,3142.247,313.57,1373.19,9929.45,216.24,425.08,4200.92,342.0,259.5,1741.5,245.0,233.0,7491.0,167.8,191.8,8105.0,563.63,227.77,2948.83,24.58,223.4,5407.26,49.48,198.04,1983.04,361.566,112.178,5869.189,223.5,152.4,4600.6,439.05,222.26,5321.28,261.8,164.68,4130.64,146.13,164.84,4250.52,341.67,27.17,4743.64,723.64,2445.96,2005.48,245.58,209.11,2115.26,208.97,203.62,2772.47,598.2,255.81,3376.42,122.222,251.643,8777.264,503.39,349.52,3219.35,582.94,3039.12,8127.44,341.8,326.2,5425.2,282.597,218.539,10670.9,203.4,300.64,8278.92,263.462,318.961,9492.181,671.15,435.95,2927.55,191.734,215.53,3503.598,169.468,227.451,3822.023,775.04,133.6,2905.76,351.72,947.58,2250.23,122.061,208.284,6189.152,302.66,315.42,29667.1,460.65,328.31,7018.39,278.46,169.88,7675.71,301.53,839.9,6289.8,109.579,241.359,2618.582,255.67,196.47,2548.99,454.28,151.36,8263.6,328.94,1023.28,4846.11,498.56,197.28,4856.72,363.03,306.22,6688.68,365.235,172.736,6332.348,662.15,294.7,4323.45,53.35,243.3,3144.25,341.948,197.227,2101.777,163.15,86.35,2750.85,136.36,168.18,7906.2,68.5,163.75,2036.75,287.52,6707.88,3851.72,790.32,556.62,926.26,225.041,314.42,7547.378,183.946,314.01,3039.296,212.069,1071.216,5925.492,88.48,201.04,10015.08,80.5,331.38,8009.94,1045.654,2237.349,32241.428,556.742,540.74,7936.177,131.622,217.057,3734.188,280.446,2036.881,2126.175,419.6,837.137,6572.115,226.209,243.941,2242.83,466.628,96.532,2762.056,359.5,200.95,6916.1
6,0.21000000000000002,375.4,184.2,8338.8,322.17,807.76,3629.45,328.54,253.94,10295.48,168.76,240.25,3032.61,412.72,116.36,5632.56,128.42,514.9,7061.24,85.72,244.61,5978.56,119.7,489.0,7181.88,40.652,56.983,6705.057,93.95,345.102,8486.206,493.0,329.0,6480.0,251.0,148.58,3925.0,93.432,337.184,18066.185,56.58,432.74,777.2,294.96,241.6,10974.8,231.23,113.11,2805.4,332.3,343.84,6769.32,68.165,172.467,2013.419,242.949,459.165,2527.656,289.8,273.05,17442.6,160.121,156.898,2536.181,196.0,98.0,6764.0,464.72,208.28,8710.48,165.0,224.0,4845.0,699.2,636.44,12266.58,490.4,185.55,12868.3,178.79,441.54,3069.96,54.72,329.937,7312.654,329.215,116.286,2280.987,489.74,269.68,4898.74,268.34,345.18,10906.9,182.04,197.04,15193.62,226.04,349.8,6909.14,154.564,186.785,1887.176,291.884,163.177,9229.132,101.575,446.708,10396.049,678.2,807.3,24461.1,212.88,114.16,4037.36,336.538,396.301,6242.909,473.09,420.24,6787.07,915.0,563.0,2784.8,448.659,1074.515,7093.561,86.62,324.06,2619.89,369.85,1228.35,9119.4,216.0,553.92,3609.72,335.5,237.5,1980.0,289.134,284.069,7106.798,150.6,249.4,8360.8,509.387,204.126,3277.52,21.58,275.0,6121.36,72.708,156.902,1607.967,291.778,152.815,7994.165,229.814,156.853,3647.619,435.61,277.71,4986.47,303.64,202.88,4195.32,183.63,309.9,4181.32,344.567,40.189,4512.052,645.02,2098.16,2229.28,256.14,290.42,2144.83,293.99,228.16,2892.63,571.77,220.343,3935.898,92.245,356.576,6730.359,538.76,551.55,3232.66,440.92,3037.84,6366.68,264.733,459.698,5522.686,290.889,272.988,10847.649,169.08,226.12,7901.0,248.5,286.0,9908.5,612.9,499.45,3861.05,279.56,460.6,2558.04,116.55,248.05,4010.0,743.44,126.48,3465.6,394.94,554.79,1760.75,150.18,239.56,5372.42,362.94,274.58,26172.12,426.94,330.0,7497.07,283.49,314.92,6314.56,343.14,786.44,6200.75,78.16,246.86,2627.0,292.02,218.26,2666.06,388.52,132.84,7621.02,370.65,761.24,5641.04,528.8,155.6,5706.36,451.772,328.608,6846.389,340.0,176.0,5542.0,605.15,387.45,4239.95,51.001,306.166,3468.672,387.98,271.66,2468.34,150.25,96.7,2352.0,141.82,222.02,6949.78,31.936,234.891,2564.152,357.0,5500.84,4762.96,807.886,360.418,1119.204,256.713,450.658,6325.893,214.352,389.155,3763.318,215.056,701.052,4454.145,121.378,208.411,10563.247,111.38,480.46,7126.2,998.03,1554.01,33652.61,482.698,736.509,7218.293,164.955,262.289,3999.735,268.4,2525.0,2339.5,444.87,1007.44,5588.47,193.48,238.58,2302.86,551.819,168.574,3030.06,320.55,326.7,7722.85
7,0.24500000000000002,318.0,236.0,8816.6,356.788,1153.096,4003.727,293.86,372.46,9660.12,183.175,240.853,3349.865,416.2,218.76,6704.92,137.86,671.06,7676.06,88.79,321.61,5200.08,144.543,462.652,7367.188,49.3,58.2,6849.42,84.2,451.1,10735.05,480.0,365.0,6033.0,241.239,161.787,5403.302,66.92,358.96,18580.84,64.391,545.74,532.451,366.16,271.88,11217.76,149.035,157.335,4587.528,347.86,452.66,7444.26,88.202,218.891,1570.998,168.432,456.156,3538.051,335.35,374.95,18873.05,155.77,97.15,2409.89,182.0,170.0,8851.0,378.84,382.44,7741.64,161.0,155.0,6187.0,688.482,544.068,10751.064,434.108,201.922,10151.282,216.384,645.726,2309.031,76.202,510.65,9449.208,348.76,113.52,2951.4,598.82,221.98,4391.22,282.72,260.68,11016.36,144.08,286.579,12976.792,257.967,473.463,6772.96,145.317,189.665,2611.767,313.965,227.762,8500.436,121.215,551.047,10867.007,710.2,714.6,22498.2,196.96,166.48,3794.48,418.543,462.241,6286.31,462.83,662.8,7131.7,774.8,449.4,2811.8,473.841,1648.612,6660.551,102.144,384.671,2345.975,397.89,1099.67,7507.9,223.04,741.6,3474.2,300.0,248.0,2491.0,358.16,329.06,6410.74,126.8,355.6,7822.6,524.0,212.0,3508.0,18.58,271.64,5828.18,109.638,148.743,1325.034,223.73,233.06,10113.644,218.5,160.603,3902.396,456.84,390.89,4701.11,353.516,229.037,4602.426,250.08,577.582,3700.88,315.0,80.4,3962.4,557.34,1664.08,2372.04,240.84,363.74,2151.78,401.425,231.158,3077.452,616.08,220.06,3546.015,82.0,578.0,5357.0,572.94,811.15,4754.7,321.52,2674.3,5756.6,196.15,592.37,5291.81,271.2,398.74,8843.33,146.76,252.24,8343.48,243.5,209.0,9865.5,520.7,556.35,4933.5,384.401,846.163,2105.907,92.15,282.25,4189.1,685.32,162.08,3860.84,431.77,459.37,1556.81,182.74,261.92,4433.58,410.44,269.14,21371.26,375.89,312.6,7419.54,263.18,606.49,5638.57,411.089,768.973,7269.959,64.61,407.86,2732.92,318.07,287.82,3258.69,321.74,224.98,6417.22,404.737,603.707,7004.111,538.28,175.64,5543.52,526.2,362.4,6517.72,353.0,369.0,6893.0,547.9,457.75,3904.05,59.46,442.9,3612.0,413.86,268.24,3472.76,139.8,210.75,2522.0,138.46,290.94,6402.02,26.671,314.17,3482.434,435.139,3772.222,5163.701,768.415,453.619,1324.117,287.839,602.763,4868.264,231.22,489.655,4387.526,211.16,592.24,3701.8,148.97,166.692,10305.257,164.24,654.8,6265.16,895.913,1209.968,25461.039,396.8,958.88,5968.1,170.654,383.525,4541.185,236.0,3384.8,3039.4,454.38,1091.64,4348.64,154.0,434.4,2137.1,583.07,262.198,3098.336,369.039,375.74,8300.022
8,0.28,270.6,334.2,10308.4,397.42,1596.52,4228.0,260.86,555.28,8370.42,203.0,255.75,3664.75,427.28,389.32,7799.84,157.18,836.76,7332.06,89.93,390.24,3874.34,173.224,578.989,7321.022,62.971,67.439,6163.306,72.891,635.74,11239.403,505.0,513.0,6239.0,230.28,223.3,5310.16,41.976,564.594,16624.643,70.78,679.104,828.187,446.743,264.426,11824.092,96.7,259.4,6879.9,395.26,578.74,7677.58,103.295,361.998,1597.177,106.703,449.259,5007.968,370.91,459.176,18974.569,148.77,111.36,2205.87,177.0,245.0,10051.0,352.72,651.72,6768.72,152.0,187.0,6834.0,656.88,495.31,9384.35,353.4,239.36,8121.0,227.21,825.31,2027.3,110.275,776.711,11080.053,390.126,146.997,3686.12,688.854,189.709,3772.53,318.28,366.8,9493.12,121.76,420.76,10909.87,275.07,693.48,6356.0,135.913,289.42,4013.776,323.579,307.997,7382.463,133.556,811.711,9022.758,701.3,646.5,18822.2,155.772,223.82,4312.848,478.441,533.884,6058.09,473.176,974.919,6322.839,607.0,712.0,3069.4,500.206,2268.473,6423.349,146.2,532.2,2209.6,396.05,1228.94,5801.67,240.081,971.894,3668.941,255.674,292.582,2929.992,426.9,361.48,5583.76,102.243,520.048,7328.925,450.0,305.0,4831.0,16.653,282.389,4824.501,186.4,186.75,1207.75,190.2,356.24,10118.7,201.51,167.79,3696.84,506.6,538.77,5012.9,385.49,241.39,4454.61,326.7,842.0,3346.1,255.8,157.6,3139.6,466.82,1222.88,2749.64,203.29,454.01,2237.21,506.042,216.89,3328.253,649.94,277.15,3390.99,75.955,930.335,4521.752,674.38,1113.683,6489.803,248.489,2167.996,5247.424,139.148,696.479,4888.761,246.569,602.102,8505.958,145.918,300.155,9392.462,224.671,191.573,9642.975,440.272,696.216,5526.112,478.25,1287.1,2262.95,102.639,291.175,3918.403,619.04,187.24,3668.28,460.25,502.65,1536.58,214.305,221.147,3264.454,433.0,294.92,15875.76,349.86,311.74,6579.46,223.23,1048.97,6541.19,495.6,828.6,8114.3,60.203,784.459,2957.343,325.41,398.78,3792.83,286.48,399.76,5322.48,436.6,478.76,7964.52,526.08,305.84,4500.36,611.64,492.08,7274.36,398.0,569.0,9385.0,484.55,556.7,3303.15,77.6,665.76,3318.52,474.176,239.32,3891.975,140.9,452.85,3149.65,129.061,390.807,6547.855,46.53,305.26,4107.82,535.976,2451.151,5988.958,682.48,644.18,969.12,316.95,681.45,4027.15,235.889,652.5,4882.86,123.526,400.603,1859.592,167.44,160.84,9405.2,238.984,856.556,6047.294,740.105,838.604,19237.966,355.041,1283.128,4864.589,155.625,513.741,5340.198,236.78,4240.813,3433.28,448.7,1172.78,3459.01,155.02,674.28,2056.78,568.665,368.087,3032.925,399.82,433.66,9331.22
9,0.31500000000000006,263.4,553.0,11916.8,424.78,1942.3,4231.64,226.12,833.34,6984.5,194.555,357.577,3805.873,422.12,656.84,8434.16,185.72,1033.12,6317.62,92.79,488.0,2780.18,190.495,670.571,7380.36,74.44,111.63,5515.05,66.86,1028.66,10260.34,563.225,828.799,7622.399,222.618,395.433,4446.604,29.54,992.7,13425.78,80.337,822.828,2022.38,512.139,436.817,12200.788,70.88,456.86,9050.7,449.66,721.7,7101.86,110.167,571.432,1971.878,79.012,855.814,6736.861,391.74,437.38,18712.8,148.89,213.68,1970.18,189.0,345.0,10218.0,334.64,938.12,5773.72,134.0,219.0,6453.0,633.67,510.89,9048.94,328.08,424.52,7757.32,242.26,1374.32,1603.99,140.717,1145.31,11179.808,429.72,205.41,4690.95,730.85,268.6,3039.7,358.552,594.623,8906.24,120.65,708.69,8627.75,287.29,920.8,5497.8,147.491,542.545,5467.925,347.32,422.09,6379.6,150.478,1080.209,7195.042,652.441,685.403,14280.698,105.817,361.088,4874.865,525.737,618.958,5651.626,497.3,1317.3,5326.9,453.6,1268.0,3050.0,500.02,2904.94,6947.84,192.451,818.866,2957.34,357.335,1505.156,4829.19,246.32,1326.72,4536.14,201.82,400.98,3366.72,458.208,573.366,4503.313,90.579,627.693,7715.835,420.0,525.0,6486.0,20.868,422.554,4570.423,286.948,350.575,1559.741,188.7,438.58,8354.1,178.69,218.44,3468.84,537.24,658.76,5802.37,371.92,325.79,4031.86,413.211,959.685,3222.394,194.4,333.4,2491.0,372.86,878.1,3401.22,178.41,703.75,2480.29,598.758,401.386,3588.536,713.06,439.52,3021.55,93.32,1281.0,4267.2,758.189,1417.783,8652.491,182.02,1574.06,4949.38,89.0,1010.0,4394.0,211.646,918.232,8237.475,154.4,463.4,10872.28,193.362,265.98,9411.376,372.32,943.48,6307.26,577.749,1768.164,2745.301,130.797,425.765,3630.953,556.266,216.841,3242.651,483.17,517.27,1905.8,242.791,245.517,2393.23,431.86,427.76,12658.48,290.65,593.519,4935.099,172.292,1565.959,7472.922,577.741,1217.237,8050.04,56.6,1277.2,3212.4,312.87,604.81,4030.52,270.958,502.966,5351.964,456.84,757.52,8224.0,499.96,601.64,3230.2,629.034,627.838,8171.795,479.282,808.375,12415.273,395.0,733.45,3080.9,98.74,932.58,2879.74,532.842,277.428,4034.949,163.8,760.05,4193.4,121.1,479.14,7418.308,100.458,378.456,4619.877,662.68,1353.6,6125.0,543.04,958.16,795.72,317.013,755.342,3762.736,227.058,907.607,5180.042,234.241,610.609,2071.072,223.151,230.479,8926.837,309.66,1033.46,6432.23,604.4,1112.7,11771.8,264.613,1701.193,2672.088,140.7,651.1,5601.8,257.124,4829.348,3448.732,427.75,1352.95,3281.47,172.08,925.6,2520.92,510.528,493.333,2800.398,338.06,582.3,11282.96
10,0.35000000000000003,304.976,915.148,12899.561,464.86,2236.84,4050.54,190.7,1191.14,5896.6,197.609,428.965,3914.8,399.44,996.04,8398.64,241.847,1434.627,5600.329,100.44,717.27,2186.06,191.718,830.578,7250.069,77.78,251.45,4630.88,59.455,1843.624,8298.059,624.697,1185.44,8517.403,215.08,746.88,3569.83,42.3,1550.699,9749.873,123.4,1155.6,3432.2,550.976,823.954,12201.602,88.5,732.42,10993.52,474.26,843.6,5896.16,108.983,800.515,2618.168,81.528,1332.41,8314.012,378.18,460.08,16433.94,181.3,435.708,1809.314,219.441,512.913,10150.746,293.349,1284.791,5304.121,164.0,232.0,5693.0,578.87,686.46,9194.25,287.96,822.84,7467.6,248.846,2370.387,1736.19,160.031,1572.866,9721.571,445.47,343.81,5847.38,731.4,453.7,2475.8,390.25,997.35,7007.4,123.53,1184.51,6627.28,292.559,1220.93,5068.408,160.901,1014.045,6870.787,388.228,948.458,5077.597,166.3,1416.58,5828.7,585.27,998.98,10857.031,77.636,771.03,5614.133,652.11,886.931,5143.524,530.0,1793.75,4375.95,336.8,1999.0,2700.4,539.26,3773.52,7575.36,240.57,1119.6,4483.94,317.25,1976.5,4061.0,252.64,1692.74,5621.82,140.96,638.14,4269.52,464.591,953.647,3861.145,87.42,1000.612,7059.991,469.0,1000.0,7846.0,26.92,840.6,4647.86,390.086,531.85,1943.046,209.24,456.74,6424.18,157.63,379.08,3448.42,561.723,790.165,7304.876,345.75,639.25,3857.33,495.773,1123.238,3534.624,137.6,593.6,2326.4,270.28,701.52,4012.56,207.08,1149.83,2802.4,730.0,980.5,3953.0,798.17,880.88,2670.23,126.84,1468.6,4464.28,811.16,1768.1,11110.96,123.44,1361.37,5779.08,74.0,872.0,5005.0,164.456,1440.502,8240.008,171.44,823.12,12023.6,136.99,398.69,8226.64,288.303,1257.053,6909.681,796.12,2351.06,3421.52,168.049,940.559,3284.765,507.64,249.56,2602.56,489.96,650.61,2961.38,270.057,373.47,2061.173,413.76,573.76,12429.3,226.753,951.684,3667.893,129.92,2001.08,7739.52,630.029,1376.206,8218.041,45.927,1983.252,2896.839,287.1,967.67,4010.11,277.17,758.5,5623.8,480.4,1414.48,7740.36,490.72,955.08,2384.16,506.164,886.992,7908.841,544.623,1093.552,14717.933,299.622,973.7,3501.174,121.74,1290.84,2477.44,567.75,439.55,4352.45,217.9,1046.5,5716.35,120.74,592.14,6527.3,159.28,517.98,4581.78,777.984,1300.833,6185.633,367.413,1212.913,876.918,309.661,919.461,3667.164,204.431,1337.003,5171.203,145.503,511.945,1788.267,283.11,384.45,7961.64,416.32,1530.68,7899.04,476.92,2002.509,7904.532,243.0,2488.34,1937.72,152.761,973.994,5089.601,276.43,5601.9,3702.17,437.134,1702.304,3283.194,189.9,1398.8,3027.64,415.303,654.351,2452.361,275.06,888.68,12652.24
11,0.385,362.641,1360.681,13190.182,540.18,2342.76,3553.82,190.5,1534.7,5332.12,171.96,717.79,4261.41,367.96,1364.6,7837.16,316.39,1912.82,5250.0,121.783,1225.604,1763.353,187.843,1183.682,7078.711,77.318,472.715,4315.472,51.94,3057.6,6941.72,669.334,1586.407,9030.912,242.2,1167.75,4391.59,74.203,2399.578,6162.231,176.6,1540.1,4379.9,529.899,1351.283,12107.849,112.6,984.68,12525.08,464.14,940.4,4595.42,115.04,1153.8,3151.44,96.921,1730.564,9249.847,336.88,665.5,13228.84,218.805,705.031,2213.275,262.34,773.06,8840.08,268.698,1852.899,5064.024,155.257,460.668,6043.698,504.07,912.94,8981.18,246.608,1381.7,6998.514,254.536,3200.252,2679.859,171.94,2030.26,7867.42,426.42,526.53,7422.98,703.35,704.85,2013.65,406.15,1451.95,7609.25,120.82,1810.87,5040.91,292.052,1614.91,4781.925,175.616,1602.632,8130.059,425.302,1801.951,4678.751,181.34,1645.1,4426.58,478.21,1161.53,7403.45,71.04,1461.6,6091.84,773.817,1184.362,4748.255,608.55,2376.65,3956.55,260.0,2829.0,2566.2,565.44,4746.4,7246.72,275.458,1247.489,6511.516,295.574,2816.698,3147.241,257.16,2013.26,6335.18,118.64,978.22,4735.3,474.01,1443.273,4212.713,91.735,1870.705,6199.347,592.0,1990.0,8407.0,38.66,1423.92,4341.22,455.715,728.056,2354.119,240.42,861.78,4959.64,142.29,707.717,3914.513,615.2,1035.44,8830.24,332.34,1153.31,3832.9,561.11,1066.98,3843.12,118.4,950.8,2378.0,168.62,856.68,4313.72,277.87,1680.65,3105.64,866.25,1811.5,4005.5,892.45,1605.5,3021.2,158.88,1529.08,5701.68,805.729,2208.914,12893.792,104.3,1853.95,7340.16,73.601,1264.787,5167.794,111.237,2147.879,7899.538,216.562,1252.473,12504.98,113.47,554.94,6862.11,224.264,1324.385,7350.908,1051.798,2752.957,3491.341,196.4,1806.144,2683.657,462.74,461.94,1908.34,480.14,1152.03,3890.14,275.203,641.16,2373.938,410.84,718.44,13205.66,163.3,1383.2,2660.4,127.241,2341.751,7497.204,663.26,2145.86,7785.18,35.498,2954.023,3012.83,274.92,1411.809,4278.863,278.61,1231.9,5599.57,512.357,2263.676,6508.068,523.44,1194.52,1856.8,361.546,1420.03,7388.308,585.64,1412.27,16214.98,287.262,1445.113,3521.22,145.12,1741.36,2219.94,521.382,718.91,5353.217,281.95,1245.65,7338.65,122.48,999.14,5344.94,213.033,804.543,3895.444,876.068,1586.169,6206.725,216.54,1673.7,1071.72,303.299,1128.93,3515.812,171.285,1687.097,5716.108,256.916,1204.138,4044.468,319.17,636.98,5941.82,528.54,2125.06,9998.57,355.772,3192.113,6216.295,259.4,3299.1,2137.18,175.78,937.0,4742.08,284.039,6190.913,4558.764,420.94,2163.88,3173.06,204.0,2076.88,3967.12,321.621,843.774,2171.899,226.5,1519.14,12831.86
12,0.42000000000000004,455.48,2066.44,12303.96,585.436,2601.37,2763.777,238.7,1730.22,5163.16,136.52,1078.45,4656.07,321.32,1720.6,6530.84,393.537,2169.454,4859.457,141.288,1769.395,1763.388,182.86,1640.411,6893.357,88.403,844.292,4612.218,50.73,4156.554,5046.308,675.124,1876.131,8786.161,260.55,1684.28,4945.63,157.796,3320.73,4081.554,225.123,2413.313,4908.733,475.36,1892.568,11087.126,130.112,1203.702,13151.83,431.92,1015.22,3570.02,125.68,1597.4,3770.2,117.428,1882.246,8772.55,280.9,939.52,9935.24,254.772,1031.855,3046.153,308.922,1075.946,7421.46,216.92,2082.04,5038.76,172.1,825.68,5729.46,415.9,1142.17,8922.9,214.217,1583.283,6691.051,273.518,4089.126,2727.682,166.433,2408.073,5913.687,366.78,740.19,9130.94,642.85,978.4,1579.35,405.45,1813.55,10550.1,112.7,2456.48,3836.65,306.929,1970.48,4797.979,122.325,2268.57,8621.523,439.12,2904.55,5215.64,198.4,1845.58,3679.8,387.954,1584.684,4738.611,77.179,2245.855,6152.344,860.055,1483.983,4426.606,699.5,2895.8,4172.95,216.8,3525.8,2531.4,543.435,5670.342,5795.101,319.0,1427.0,6712.0,274.605,3388.481,2760.922,263.22,2270.82,6525.58,139.88,1311.84,5174.56,399.67,1801.97,4563.62,99.241,3504.922,5577.481,755.0,3132.0,9094.0,49.514,1854.88,4397.383,483.643,901.339,2411.504,281.147,1392.715,4478.554,133.413,909.627,4518.255,632.481,1105.651,10055.678,303.759,1722.213,3531.176,605.49,1354.452,4594.859,118.8,1319.2,2435.8,145.88,1280.42,4327.12,348.36,2317.04,3551.5,939.765,2443.021,3570.01,986.54,2387.35,3470.32,187.48,1519.8,7736.72,803.635,2424.417,12764.864,129.14,2672.66,8816.59,93.499,1717.464,5002.125,79.56,2909.1,8030.46,263.283,1627.915,12949.903,138.04,686.9,5418.43,154.26,1285.884,7448.897,1216.374,3008.031,3345.318,204.0,3044.71,2524.53,412.84,868.74,1423.9,457.23,1660.28,4061.8,262.331,932.12,3041.532,428.308,852.93,14130.959,103.3,2233.9,2303.6,114.028,2540.305,6704.922,599.085,2261.231,7018.953,37.933,3849.488,3403.765,275.0,1830.0,4692.0,274.88,1709.53,5632.15,559.178,3309.148,5231.925,585.68,1290.88,1473.44,223.0,2049.92,6333.6,556.168,1723.121,14437.265,218.68,1976.87,3840.96,162.359,2070.471,2060.627,468.623,1082.203,5059.452,331.3,1438.5,8288.5,133.994,1244.603,4478.494,267.55,1323.85,3423.1,980.0,1847.0,6210.0,142.25,2225.42,1547.83,302.383,1189.351,3486.422,145.544,1900.586,6923.896,263.047,1595.531,5467.955,349.23,926.24,4078.81,648.801,2768.609,12568.092,252.985,4448.616,5117.068,320.4,4045.88,2728.92,164.99,1090.54,4156.711,292.84,6872.32,5599.96,354.42,2693.72,3273.58,202.92,2725.66,5629.98,242.182,1080.241,2040.994,202.64,2154.5,11614.46
13,0.45500000000000007,487.725,2525.026,10413.383,585.625,2971.29,2118.565,307.629,2030.346,4657.391,125.749,1329.954,4448.955,264.48,1992.16,4839.28,468.506,2625.349,4885.994,159.91,2226.32,2147.44,180.469,1817.584,6633.588,91.2,1176.4,5306.4,49.514,4851.512,3656.457,600.66,2213.96,8357.4,263.9,2108.19,5400.41,261.96,4324.19,3180.89,269.228,3547.341,5082.48,423.271,2386.264,9500.5,134.332,1529.724,11673.031,390.62,1119.18,2830.7,147.24,1914.24,4388.2,117.52,2135.9,7791.51,226.08,1162.28,7357.68,291.842,1320.955,3865.131,343.92,1391.965,5662.616,172.42,2476.068,4767.699,232.18,1174.84,4789.88,329.8,1293.3,8954.97,219.6,2009.95,4840.35,282.6,4719.84,2999.24,145.46,2898.71,3920.22,283.39,983.93,9957.8,571.2,1177.7,1386.5,395.845,2009.716,14025.878,122.31,2979.73,2984.58,322.813,2173.577,5219.011,108.6,2939.31,9141.21,468.49,3908.71,6746.1,217.703,1830.034,4136.954,307.126,1876.731,2871.416,73.06,3124.57,6940.31,888.04,1803.393,4015.476,722.9,3216.65,4811.85,214.2,3912.8,2417.2,465.675,6767.13,4141.185,341.284,1604.883,6120.699,334.52,4062.1,2888.82,297.273,2576.639,6102.402,202.02,1539.84,5442.48,319.6,1862.2,4836.24,95.2,4336.28,5978.04,892.0,4100.0,9643.0,76.2,2205.49,3833.92,470.366,1044.705,2116.971,303.77,1873.35,4368.65,120.73,959.68,4848.54,655.248,1377.638,9434.647,257.777,2196.736,3342.56,623.019,1588.368,5103.283,110.8,1555.6,2509.4,189.72,1692.68,4133.46,392.58,2947.72,3904.78,980.04,3012.32,3520.44,1079.63,3007.64,3654.78,228.001,1608.364,9844.043,711.98,2825.42,11015.88,158.66,3304.39,9694.53,127.28,2188.92,4278.92,72.57,3227.87,7924.3,295.561,1889.878,11594.247,172.275,969.095,4598.637,113.96,1407.62,7279.75,1243.36,3202.18,3298.14,179.165,3899.027,3591.768,364.9,1369.3,1327.14,442.357,2042.16,3343.936,226.44,1218.72,4033.04,474.055,1114.854,12477.167,107.4,3142.7,2180.5,111.76,2901.28,6078.16,520.5,2297.0,5947.5,51.018,4533.922,4012.213,254.31,2176.234,5066.124,264.15,2072.57,5598.43,623.88,4471.8,4667.8,643.8,1336.4,1308.2,145.421,2545.977,5021.98,544.02,2325.446,12305.012,147.09,2201.69,4073.96,175.74,2294.88,1680.4,379.92,1406.39,6132.81,357.7,1596.5,8118.5,139.65,1407.7,3443.41,287.176,1906.961,2877.023,1037.083,1999.93,5738.344,122.42,2544.1,2293.81,308.676,1232.566,4060.693,159.841,1984.71,8018.798,266.063,1862.636,6703.884,370.84,1122.86,4095.72,770.116,3230.6,16328.875,211.85,5253.05,4652.15,334.586,4390.461,3890.603,153.33,1315.749,3925.785,289.24,7304.8,6343.12,286.02,3150.28,3629.7,184.32,3365.0,7426.98,226.877,1326.424,2061.727,174.94,2541.18,9384.22
14,0.49000000000000005,467.798,2639.962,8619.881,535.566,3056.718,1978.433,373.64,2190.86,3817.4,111.36,1520.42,3897.58,208.28,2050.4,2884.8,515.64,2760.029,4727.585,182.23,2468.26,2935.24,191.52,1871.28,6482.36,91.0,1352.6,6070.2,49.26,4910.1,2478.06,596.184,2260.608,7194.144,252.03,2308.92,6031.74,314.18,4778.98,3006.28,305.28,4616.78,4899.66,383.732,2683.216,7705.073,131.092,1644.212,10165.282,347.62,1159.68,2227.18,199.28,1987.84,4660.88,111.157,2382.11,6346.726,181.14,1222.36,5299.4,435.903,1462.705,4343.157,368.668,1695.195,3914.123,159.78,2754.97,4356.87,323.0,1366.18,3455.42,262.67,1294.27,9094.12,215.25,2256.2,3129.95,255.96,4793.72,3489.72,131.092,3193.342,2920.998,207.146,1153.332,10626.069,479.7,1214.8,1317.8,370.8,2032.24,17172.26,150.37,3244.77,2372.51,337.253,2241.808,5799.953,121.04,3234.22,8830.96,458.86,4269.54,7925.78,208.334,1956.102,5062.872,246.0,1915.4,2097.4,74.85,3328.36,7025.02,853.698,1970.114,3581.536,677.65,3280.45,5606.7,230.0,4060.8,2393.0,370.346,6800.63,2568.197,355.58,1785.86,4722.06,391.08,4159.22,3035.85,333.69,2927.6,5501.22,295.22,1543.42,5305.92,314.851,2025.313,5334.305,84.617,5663.2,4715.976,959.0,4524.0,8819.0,127.86,2409.17,3014.33,395.52,1438.04,1929.62,280.2,2254.74,4851.54,119.99,1027.25,4520.88,633.021,1495.713,8359.289,219.717,2593.465,3845.04,617.19,1682.136,5431.881,93.4,1585.4,2727.6,250.68,1865.72,3835.46,400.97,3309.68,4006.51,979.743,3191.586,3756.199,1170.81,3290.41,3676.28,276.019,1757.417,11973.337,582.94,3039.12,8127.44,172.71,3438.26,9714.29,164.075,2763.866,2814.486,72.896,3335.969,7410.598,299.2,2114.96,9281.36,216.42,1067.64,3617.36,97.06,1514.6,6257.34,1174.208,3252.337,3082.175,155.35,4091.99,5418.36,331.5,1811.5,1400.28,499.185,2506.997,1837.939,157.68,1412.92,5063.2,466.02,1260.92,11457.14,117.385,3780.473,2767.606,108.96,2952.48,5601.68,461.0,2537.5,5753.0,70.39,4787.96,4938.77,279.701,2378.152,5274.765,249.93,2162.41,5708.98,703.6,5012.2,3957.24,669.269,1377.316,1283.01,124.28,3096.64,4438.79,489.085,2920.494,11003.083,114.873,2293.534,3693.119,204.56,2425.36,1424.82,302.9,1478.57,7314.45,364.0,1655.65,6940.9,137.0,1619.47,2558.27,282.039,2175.069,2605.172,1021.78,2104.82,5693.8,108.929,2569.55,2812.836,313.494,1242.819,5451.851,190.249,2036.607,8612.833,249.398,1864.763,7034.078,379.0,1132.49,5711.96,894.6,3489.2,19651.4,141.83,5406.782,4087.915,356.67,4654.72,5359.55,128.131,1393.34,3457.206,276.4,7313.16,6743.8,227.62,3373.38,3797.0,157.04,3638.96,8610.84,212.468,1405.896,2525.232,133.38,2563.1,7177.12
15,0.525,403.121,2382.526,7800.198,506.5,2415.8,1478.2,403.07,1756.25,3204.7,94.94,1455.8,3267.92,165.16,1787.72,1572.6,514.08,2428.48,4103.04,199.36,2403.08,3446.21,200.08,1682.48,6515.88,95.8,1351.8,6688.0,72.691,4349.048,1573.149,601.279,2050.782,5966.265,224.04,2245.28,6741.31,318.25,4586.77,2697.55,304.758,4420.582,4248.097,390.46,2390.34,6676.84,120.63,1398.02,10136.61,369.96,1043.5,2406.54,268.48,1825.8,4417.84,111.14,2260.32,4683.21,188.38,1087.56,3638.6,635.663,1434.165,4378.291,346.82,1656.18,3324.96,226.652,2626.132,3601.895,428.94,1344.64,2109.08,224.64,1132.28,8714.07,206.45,2151.15,4247.7,207.859,4620.554,3528.606,129.3,3040.923,1849.854,163.8,1082.4,11299.0,380.95,1201.1,1223.15,323.866,1784.863,17649.159,170.89,3112.09,2112.82,351.428,2188.183,6015.95,117.325,2923.638,9082.547,412.1,4019.34,8756.76,218.11,1666.29,5906.78,234.8,1472.4,1835.0,70.15,3028.96,7379.99,808.84,1877.8,4037.96,591.75,3081.35,6333.8,237.8,3874.2,2467.0,291.84,6164.62,1546.54,372.539,1648.701,3911.047,441.5,3990.95,3043.21,323.7,2895.22,5123.98,400.84,1270.54,4614.98,214.92,1389.02,5035.932,71.798,5252.353,4236.367,864.369,4231.915,8298.832,203.11,2299.95,2677.26,385.74,1348.414,1641.645,243.228,2162.035,5145.131,126.851,790.713,4693.298,584.48,1408.08,7473.96,172.6,2497.4,3792.0,583.91,1566.729,5578.15,82.6,1401.4,3254.2,276.214,1535.924,3312.54,384.56,3192.91,3977.6,992.656,2980.205,4139.366,1255.44,3166.49,4013.7,311.203,1725.711,13049.742,440.92,3037.84,6366.68,174.94,2969.15,8987.7,202.464,2557.499,1787.162,107.74,3333.81,6781.61,267.454,1846.671,7132.441,240.68,905.32,3016.92,80.22,1456.03,4954.54,1092.66,3249.04,2573.84,125.927,3659.741,7349.385,317.92,1742.624,1985.076,485.27,2321.58,1402.92,99.276,1340.71,6026.843,420.52,1246.4,10412.72,100.659,3617.746,4291.212,155.12,2565.32,5087.76,437.0,2428.0,6361.0,83.749,4401.061,5714.612,287.72,2190.61,5834.3,241.61,1906.14,6012.59,815.2,4759.76,3128.2,683.9,1279.04,1373.32,100.52,2476.87,4249.31,381.561,2706.13,9922.286,92.215,2108.893,3042.413,230.32,2264.44,2035.92,249.643,1477.899,8162.898,365.3,1544.05,5589.9,148.75,1606.26,1877.76,234.475,2134.64,2615.785,974.923,1896.219,5134.764,123.6,2392.96,2863.92,302.844,1125.096,7184.132,208.354,1938.83,8571.851,210.448,1684.881,6625.401,360.785,930.062,7198.395,994.0,3374.2,21423.2,98.36,4962.48,4063.53,345.06,4308.964,6823.093,125.004,1319.021,2827.591,291.848,6150.339,6821.966,178.76,3247.9,3528.64,140.38,3472.92,8941.5,195.409,1319.017,2714.221,102.62,2323.14,5325.02
16,0.56,299.892,1699.388,7917.31,406.81,1971.476,1229.763,386.74,1220.09,2509.11,91.86,1213.96,2972.04,146.96,1246.68,1981.6,480.96,1800.8,3796.44,201.464,2112.615,3627.629,211.393,1353.912,6819.757,105.0,1171.2,7065.6,125.96,3528.185,927.238,583.05,1631.85,4620.85,190.79,1872.71,8114.78,256.663,3512.086,2443.48,294.07,4439.11,3115.803,418.569,2062.459,4897.424,110.691,1084.769,10565.514,468.2,796.56,2811.2,338.6,1524.92,4085.32,110.29,1746.26,3513.48,208.748,812.184,2947.707,839.376,1211.302,3777.078,314.31,1571.95,2885.8,337.8,2304.4,3205.0,476.989,1037.573,1501.716,209.61,862.05,7310.16,202.2,1979.7,5493.75,155.5,4341.3,3761.4,130.4,2601.6,1531.0,139.8,1110.6,9182.0,333.35,1144.4,1130.4,280.025,1530.597,16430.406,180.18,2607.68,2206.1,378.36,2115.23,5731.01,99.28,2311.32,9919.76,339.89,3167.96,8978.85,230.21,1243.17,6361.78,240.6,947.6,1700.0,75.77,2367.433,8445.199,739.536,1544.419,5028.771,506.55,2660.05,6737.0,250.4,3447.0,2705.6,258.9,4885.42,1307.5,401.499,1382.706,4888.931,424.206,3477.908,3656.543,292.46,2579.72,4835.48,512.72,888.1,3516.22,129.72,785.28,5222.08,60.4,5129.78,2902.04,728.675,3576.523,7411.388,299.12,1872.91,2489.05,369.7,1317.65,1327.55,204.48,1788.72,4782.28,148.9,469.8,4455.2,526.906,1111.283,6273.718,170.7,2078.5,3090.7,595.6,1595.6,5677.4,94.75,1187.505,4369.429,273.877,1004.362,2622.844,369.303,2875.489,3889.648,1069.91,2513.447,5184.913,1348.54,2697.0,4439.21,339.4,1719.4,11838.8,321.52,2674.3,5756.6,175.06,2075.75,8187.58,250.286,2173.073,1207.265,182.294,2946.493,5593.169,240.538,1442.704,5548.904,239.407,855.942,2645.237,65.06,1319.21,4993.87,928.588,2772.696,1975.657,107.578,3160.366,8995.579,328.65,1447.92,3108.41,461.18,1733.03,1521.22,71.663,1097.945,6629.568,345.58,1120.56,9256.58,84.52,3069.38,6464.56,227.125,1869.311,4916.11,443.5,2085.0,6732.5,111.314,3717.074,6658.622,336.176,1673.381,5297.053,250.36,1577.77,5938.53,952.68,3879.08,2497.32,667.93,1024.57,1681.95,84.82,1609.26,4649.83,275.49,2064.36,9521.59,73.028,1625.828,2319.016,251.613,1843.665,2871.615,221.72,1265.88,8639.92,371.85,1259.65,4346.45,170.46,1410.21,1385.4,187.44,1735.76,3262.04,934.058,1508.619,4340.127,194.68,1809.38,3749.36,267.144,901.518,8179.996,213.571,1593.616,7665.056,158.638,1446.414,6019.394,324.579,658.997,8380.248,1050.853,2907.685,27267.81,77.92,3954.82,4966.74,309.25,3680.0,8432.0,148.382,1093.674,2127.105,320.85,4756.78,7167.26,144.42,2755.12,2972.48,115.06,2788.06,7904.28,175.85,1071.45,2327.7,105.04,2018.54,5448.6
17,0.5950000000000001,203.14,1308.96,7584.96,308.177,1544.723,1057.804,344.705,809.368,2102.787,104.78,939.32,3000.22,161.8,651.96,3481.16,433.44,1205.4,3580.0,180.238,1866.531,3671.239,220.13,981.11,7147.61,113.4,879.2,7186.2,202.95,2666.923,573.898,519.87,1307.443,4149.754,181.44,1344.27,9806.19,185.71,2237.88,2337.22,249.36,3319.94,2368.92,463.57,1427.39,3431.88,102.4,1031.0,10248.8,646.29,519.87,3244.718,396.28,1191.32,3748.44,107.087,1291.529,2679.133,276.801,552.831,3104.721,1004.619,871.655,4197.389,277.59,1329.78,2436.5,426.097,1520.856,4262.201,509.47,747.5,1522.43,219.92,569.14,5104.4,198.2,1776.25,5782.1,108.09,3654.07,4640.97,114.8,1861.6,1399.0,165.8,1078.8,6946.2,327.3,1005.8,1038.6,257.32,1266.69,12878.475,197.31,1935.59,2482.46,395.885,1788.901,4691.539,70.84,1556.8,8776.56,258.25,2094.72,8773.95,248.18,918.28,5966.16,244.633,628.388,1600.397,99.182,1979.383,9904.546,671.12,1184.46,5615.64,483.014,2179.751,6328.948,270.0,2822.8,2868.0,242.109,3306.359,1457.657,447.2,987.765,6245.446,403.98,3108.56,4344.44,271.182,2166.4,4382.611,605.719,592.982,2635.709,80.72,557.72,4980.44,70.108,3538.546,3476.483,576.781,2824.554,6106.767,397.29,1319.38,2716.07,339.9,1244.25,1401.15,148.203,1538.557,4370.792,192.005,321.862,3289.706,474.24,865.37,5047.85,194.4,1581.3,2502.9,558.675,1300.517,5318.506,109.64,899.81,5421.55,266.194,475.519,1907.705,367.213,2744.841,3771.646,1135.689,2102.898,6458.289,1445.27,2116.01,4762.83,356.0,1539.2,8978.0,248.489,2167.996,5247.424,182.89,1227.24,8879.5,296.844,1783.999,1210.757,282.096,2366.731,4634.675,224.0,991.0,4896.0,220.4,868.6,2555.85,51.06,1079.33,5881.97,715.36,2118.73,1395.61,123.08,2390.772,9983.255,339.93,1349.54,4014.94,488.86,1433.322,1670.886,68.92,785.88,6527.76,276.162,1026.653,7007.967,74.76,2402.94,8980.2,281.554,1176.308,5197.35,459.0,1654.5,7159.0,145.6,3021.9,7302.6,402.06,1232.42,4233.52,282.94,1303.61,5268.19,1083.52,2799.0,2022.04,606.8,700.42,2082.07,79.66,867.25,5812.36,207.047,1875.082,10266.009,66.12,1015.12,1897.14,257.651,1632.678,3425.157,211.08,895.86,8251.94,386.05,876.45,3117.5,185.64,1146.63,1353.67,173.32,1241.2,4186.8,840.976,994.16,3577.264,268.7,1227.38,5018.6,228.929,702.435,8268.658,212.069,1071.216,5925.492,154.579,1268.026,5680.558,258.865,371.678,8854.335,1045.654,2237.349,32241.428,65.07,2821.74,6031.64,301.96,2955.764,10309.901,145.65,799.45,2103.8,321.78,3789.36,7717.9,159.6,1992.02,2407.08,115.428,1833.541,6069.467,154.75,935.45,2228.45,123.3,1722.44,7081.02
18,0.6300000000000001,123.02,1190.98,7425.76,237.8,1153.18,1206.04,324.514,629.19,2189.229,127.5,800.56,3189.72,188.791,307.167,5503.29,376.24,671.08,3255.6,145.649,1492.739,3575.907,213.95,620.99,7389.07,114.2,578.6,6996.0,291.839,1942.76,664.366,417.477,844.056,3657.378,180.579,945.005,10609.071,154.01,1456.26,2250.2,207.532,2601.817,2325.054,512.65,820.25,2301.12,95.2,960.2,10871.8,858.377,369.142,4400.957,429.4,886.12,3496.8,105.5,903.7,2340.0,335.6,344.04,3029.57,1165.4,601.24,4196.86,235.94,890.71,2267.36,560.322,863.372,6413.32,541.59,565.463,1951.688,238.555,380.867,3889.207,200.85,1468.65,5681.9,72.365,2634.294,5720.185,80.413,862.726,1000.153,201.2,1025.0,4963.8,332.55,826.1,948.45,260.55,1116.68,10343.89,245.51,1349.89,2686.55,407.214,1380.088,3645.342,53.16,943.88,6676.44,187.5,1244.72,9089.36,268.8,634.42,4705.76,221.404,543.377,1545.956,123.3,1343.1,11435.4,596.22,776.73,5195.97,533.94,1798.24,5484.8,264.944,2086.742,2608.022,238.06,1984.5,1673.36,516.435,655.652,8396.327,365.62,2651.08,4977.6,272.093,1962.062,4067.551,756.223,440.538,2190.989,62.32,477.92,4430.12,88.1,2347.74,4269.52,430.385,1963.967,4797.06,471.21,920.14,3132.08,312.4,1046.85,1731.3,134.152,1195.183,3493.957,205.496,249.101,2751.868,482.48,545.99,4649.06,239.3,1024.3,2477.5,517.309,992.972,5149.161,117.31,546.24,5434.13,296.101,559.987,2038.218,352.3,1970.66,4101.12,1208.6,1775.2,6796.0,1484.94,1593.44,5175.93,404.212,1129.196,6460.654,182.02,1574.06,4949.38,200.13,799.71,11058.1,327.68,1460.76,1736.52,410.576,1703.188,3720.052,209.651,647.177,5278.151,181.25,726.75,2891.75,47.71,847.77,6668.87,580.687,1593.669,1252.094,123.72,1843.24,8769.58,335.49,1186.64,4593.77,497.87,1016.11,1691.13,73.6,475.8,5662.08,203.75,779.03,4931.62,73.78,1765.72,11176.3,309.0,573.0,5347.0,486.5,1173.5,7994.0,167.099,2027.639,7366.178,455.679,708.476,3234.131,328.94,1023.28,4846.11,1155.04,1935.36,1648.24,545.91,422.61,2486.81,101.6,644.65,6994.54,162.32,1697.27,10457.8,52.349,570.451,2170.837,265.66,1203.34,4675.7,216.9,635.62,7577.92,406.95,486.35,2108.5,200.685,783.678,1770.476,172.566,904.615,4716.287,777.13,673.86,3188.85,340.722,827.107,6114.833,199.947,552.98,7505.541,215.056,701.052,4454.145,171.489,986.916,5242.529,200.651,251.741,8750.511,998.03,1554.01,33652.61,70.86,1795.155,7115.633,298.614,2014.372,12538.245,156.728,556.919,2581.871,333.91,2532.697,7903.108,224.31,1021.219,2017.251,107.197,1127.858,6261.763,171.1,703.4,1871.15,164.38,1457.78,8784.9
19,0.665,63.78,1052.86,7390.46,209.248,1053.442,2016.525,257.36,217.22,2505.62,149.4,768.94,3578.4,197.284,258.46,7361.53,310.2,282.64,3184.96,112.818,1060.073,3440.585,211.573,410.327,7129.824,110.0,365.4,6395.4,382.228,1369.315,858.127,326.52,580.79,3718.39,152.83,884.107,10985.956,131.92,1007.79,2301.12,170.497,1997.316,2818.238,586.643,469.278,1545.93,92.6,770.6,10822.6,1065.28,299.245,6542.459,462.04,630.88,3423.12,103.039,540.891,2600.109,360.42,217.31,3030.82,1213.3,395.9,4109.88,190.059,833.242,2429.139,609.28,313.08,9391.76,521.479,440.516,2175.67,233.96,280.92,4697.8,235.2,1034.05,5359.65,74.95,1769.9,6777.85,58.568,340.11,742.908,249.257,894.431,4488.968,346.05,644.0,1131.2,252.06,970.01,8233.31,340.6,902.64,2766.96,417.055,939.447,2997.399,57.36,591.0,4666.8,139.37,604.24,9610.19,293.63,388.3,3265.65,189.393,413.052,1658.818,161.822,832.134,11761.56,514.738,439.365,4574.12,580.342,1692.846,4948.639,238.83,1543.05,2097.36,267.76,1001.28,1726.08,596.28,426.7,10916.2,321.655,2022.281,7222.159,271.02,1349.36,3732.7,766.5,318.5,1810.4,58.2,374.84,4128.76,114.68,1641.14,4563.02,314.954,1252.1,4302.478,506.339,776.102,3031.369,314.4,863.95,2054.95,94.16,905.22,3467.12,244.8,234.45,1755.67,498.15,285.53,4472.63,261.845,770.628,3003.292,456.03,739.88,5190.37,128.93,400.97,5041.99,271.208,325.768,1762.376,337.3,1269.0,5105.64,1235.889,1562.226,6144.098,1454.33,1224.86,6071.22,448.2,777.6,4867.2,123.44,1361.37,5779.08,218.94,649.442,12120.177,321.36,1397.44,2193.92,533.56,1107.32,3414.0,204.274,414.257,4915.658,135.9,544.4,3163.6,55.375,541.34,7029.636,444.474,915.196,1158.691,119.565,1057.379,8101.186,313.25,1012.97,4920.16,481.598,697.902,1650.754,74.92,218.24,4237.44,146.61,461.4,3610.16,77.12,1281.68,12762.88,331.0,316.0,4260.0,519.0,732.0,8625.5,193.698,1216.082,6870.559,505.836,309.979,2627.227,370.65,761.24,5641.04,1124.68,1347.76,1244.8,525.0,269.43,3034.21,121.251,494.726,7205.061,143.33,978.7,11042.13,51.9,314.5,2687.1,267.26,999.22,5830.68,253.52,436.76,6802.78,429.3,228.85,1689.75,193.66,467.24,2002.86,171.153,616.673,5155.767,629.609,438.808,3222.468,430.115,734.911,7124.18,206.479,418.299,5868.788,211.16,592.24,3701.8,191.386,678.618,4536.585,185.067,193.719,8551.401,895.913,1209.968,25461.039,102.68,1152.12,7875.88,343.71,1477.3,13458.68,150.8,380.6,3322.04,369.3,1442.4,7687.35,293.68,334.3,1864.56,84.02,711.36,4541.5,212.25,454.1,1399.25,214.24,1187.26,9834.7
20,0.7000000000000001,32.98,851.16,7262.9,195.732,618.09,2451.249,197.2,87.48,2558.06,159.48,774.54,4148.84,183.381,210.103,8018.434,244.04,127.6,3485.12,88.263,603.156,3124.246,209.7,321.7,6672.0,117.8,260.6,5381.2,475.0,894.8,1120.4,245.223,439.322,3618.721,126.14,737.527,10221.612,117.87,881.17,2424.08,142.1,1344.8,3739.5,706.2,260.8,1205.84,97.0,527.2,10012.6,1087.72,314.46,8676.06,461.72,451.816,3965.738,118.862,405.612,3110.789,384.63,159.09,3318.63,1227.21,185.148,4670.314,155.533,1100.568,2471.034,663.42,330.928,12227.921,521.807,429.863,2517.942,244.44,227.68,5681.92,282.0,617.222,4605.22,74.45,844.05,7934.8,104.918,78.364,1240.47,331.877,621.852,3981.775,366.3,466.6,1576.2,235.677,700.998,6871.348,474.38,570.67,2830.23,417.667,585.458,3836.23,67.0,478.44,3398.28,101.73,223.5,9095.47,323.39,214.19,2092.84,158.58,280.894,2073.845,217.06,481.886,10758.443,467.802,280.037,3994.236,594.305,1080.652,3831.349,185.21,1184.16,1692.33,288.56,365.6,1658.6,649.108,279.089,13016.548,302.952,1434.007,10311.32,280.8,1108.66,3206.6,729.9,316.1,2957.5,52.64,294.64,4564.0,131.27,1126.68,4495.37,235.662,791.178,4584.56,512.25,657.75,2976.25,355.953,654.368,2338.049,63.06,609.86,3590.32,273.16,167.07,1911.27,499.898,235.593,4998.806,333.2,545.8,3794.6,357.047,822.372,5266.6,151.845,305.303,4945.825,229.22,242.24,1862.94,329.93,780.59,5822.88,1185.747,1581.291,5135.26,1359.09,993.71,6431.73,432.72,538.84,3980.6,104.3,1853.95,7340.16,232.797,534.654,11388.4,287.48,1206.4,2520.64,641.13,726.981,3491.026,190.417,256.547,4421.053,99.0,354.35,3204.75,63.273,322.491,7325.556,383.2,537.6,1178.4,116.06,641.6,8194.86,285.46,783.23,5140.97,466.805,532.26,1623.681,73.16,71.04,2746.44,134.52,296.08,2762.46,85.974,978.253,11981.171,297.887,181.238,4358.741,534.0,402.5,8539.5,230.34,725.915,6193.307,553.868,196.922,2492.519,404.737,603.707,7004.111,987.88,886.08,1115.88,521.57,228.86,3629.4,124.915,320.074,7141.02,112.49,459.09,11293.55,53.35,243.3,3144.25,240.784,1089.903,5715.258,332.54,273.12,6184.38,440.9,152.9,1719.1,186.6,341.54,3667.88,159.84,354.389,5703.96,511.649,505.096,3253.278,481.513,676.128,7787.982,226.838,283.326,4153.996,123.526,400.603,1859.592,196.4,508.013,3519.574,194.611,131.275,8450.38,740.105,838.604,19237.966,150.563,760.598,7484.34,420.47,1100.76,13878.49,140.028,260.407,4350.697,395.22,796.648,7054.563,392.92,246.23,1535.45,57.02,505.28,3293.4,224.842,249.585,994.085,295.157,973.654,10526.597
21,0.7350000000000001,27.74,626.28,7066.08,175.78,411.1,3204.94,210.001,120.352,2679.975,152.32,792.78,4782.7,155.48,213.3,7766.72,191.56,109.84,3997.48,91.96,398.01,3169.49,186.8,303.0,6422.2,156.0,191.2,4143.6,529.784,558.221,1342.248,199.87,295.042,3288.875,99.277,567.727,8976.503,118.202,674.362,2541.519,104.037,724.048,4512.104,847.294,145.846,997.955,109.0,332.4,8917.2,895.751,384.529,7613.67,444.72,307.98,4412.02,142.837,384.689,3977.042,408.18,133.89,3634.54,1266.464,73.703,5483.168,135.828,1262.145,2301.284,681.497,403.01,14817.287,540.4,464.48,2895.28,232.91,155.245,6021.764,349.43,256.78,4730.08,84.678,249.867,9838.717,105.8,131.039,1420.473,440.4,512.72,3368.2,377.9,299.7,1995.8,201.21,463.15,8484.66,635.22,414.08,3030.94,454.08,331.38,4188.1,100.64,422.72,2723.52,71.58,93.05,8039.17,353.01,128.67,1403.51,132.746,160.044,2773.025,278.692,266.691,8363.156,427.51,355.702,3578.891,581.71,580.104,2794.887,128.475,723.457,1247.419,288.32,75.7,1551.36,672.494,184.288,14773.57,264.134,914.465,13239.507,282.96,944.26,2671.7,869.945,285.921,3806.251,55.04,280.08,5569.52,131.155,685.531,4659.113,237.879,466.081,4862.753,450.906,433.585,4097.999,406.185,453.423,2900.975,38.36,426.1,3360.9,322.5,98.07,2234.19,428.056,173.869,5236.083,454.8,408.8,4503.6,294.141,561.36,5382.43,187.0,226.0,5312.0,220.836,236.265,2106.371,312.1,517.9,6816.7,1059.817,1551.745,4185.134,1238.485,729.398,6050.428,376.04,321.96,3095.76,129.14,2672.66,8816.59,234.183,437.723,9083.597,244.6,909.16,2902.48,716.388,496.476,3717.164,165.449,158.506,4171.497,80.05,201.6,3080.25,66.808,202.532,7198.353,399.051,284.014,1271.941,123.89,556.3,8681.09,251.77,526.15,5345.02,429.229,362.16,1717.489,71.16,77.48,1598.44,166.03,247.86,2407.83,99.5,681.5,11303.0,277.72,166.22,4384.38,520.0,210.5,7765.0,249.15,482.5,4952.55,576.3,144.7,2562.4,436.6,478.76,7964.52,791.68,530.72,1288.64,508.69,231.59,4312.88,129.2,311.7,5970.7,75.95,300.05,11046.48,51.001,306.166,3468.672,213.72,1134.55,5338.35,416.36,193.42,6091.44,441.05,127.2,1925.25,205.52,249.22,5689.96,137.939,215.886,6766.341,434.96,596.992,3226.565,507.849,625.724,7919.337,262.462,168.129,2558.806,234.241,610.609,2071.072,188.826,412.432,2642.054,221.991,124.663,8881.86,604.4,1112.7,11771.8,213.192,457.101,6782.596,502.359,719.315,14318.531,132.717,181.097,5670.318,419.6,837.137,6572.115,459.57,280.7,1328.4,53.417,449.2,3420.187,190.638,148.841,746.845,409.888,845.067,10899.782
22,0.77,28.74,414.56,6997.2,145.76,255.44,3788.24,204.3,150.65,3191.45,130.88,739.24,5260.84,127.75,225.0,6785.7,161.687,94.435,4736.068,89.62,175.631,3415.364,165.5,409.3,5613.0,216.207,188.333,3396.299,601.764,390.309,1538.69,184.251,166.333,2829.35,76.465,385.813,7437.064,125.273,473.923,2572.582,79.743,597.772,4866.392,968.447,114.379,833.741,134.313,209.488,8275.078,762.02,391.1,6974.68,400.88,216.24,4842.96,155.485,477.359,4668.836,428.11,114.89,4163.43,1263.016,80.838,8002.903,121.377,1278.245,2360.713,667.01,428.39,17146.98,558.666,552.837,3546.599,197.733,158.587,5823.007,418.62,158.71,6604.48,107.58,174.018,10930.356,116.882,183.058,1590.165,527.8,403.56,2550.88,366.35,166.3,2263.8,167.884,270.498,10800.21,776.939,386.216,4112.634,510.29,242.511,4592.859,147.536,339.211,2202.497,49.83,73.35,7456.75,379.25,117.21,1398.63,125.321,150.307,3647.648,352.695,132.766,5720.403,374.982,433.814,3500.253,530.48,247.54,2128.84,100.0,419.0,892.0,267.2,72.26,1637.46,641.596,248.316,15806.225,324.7,608.5,12954.8,265.36,730.3,2386.6,1035.755,231.653,3904.256,78.04,290.24,7224.28,134.4,332.2,5231.5,276.48,361.72,4171.96,398.805,273.749,4873.504,432.541,275.337,3611.392,43.042,399.819,2367.046,387.05,117.34,2311.9,332.6,125.5,4669.8,511.363,344.855,4433.332,224.9,494.0,5648.3,247.376,149.612,5677.241,245.58,209.11,2115.26,281.645,449.826,7994.785,950.95,1271.5,4209.53,1116.4,481.0,5331.8,295.76,145.44,2648.92,158.66,3304.39,9694.53,256.0,346.6,8464.08,216.6,595.92,3581.44,761.92,330.72,3769.96,110.26,132.26,4006.5,64.8,128.4,2877.95,62.2,151.88,6629.44,437.12,170.32,1329.64,144.84,428.67,8570.68,227.893,310.24,5361.359,383.616,210.034,1752.481,71.0,93.72,1538.44,219.26,182.1,2358.51,109.5,532.0,11054.0,247.692,209.599,4201.228,469.679,165.841,7230.613,267.1,324.7,4080.55,599.404,186.104,3196.527,456.84,757.52,8224.0,615.84,334.2,1713.08,481.36,209.36,5171.92,129.6,314.9,4608.1,43.48,320.33,9872.06,59.46,442.9,3612.0,185.96,1102.01,4770.39,459.36,163.98,6517.82,429.42,133.81,1993.699,217.36,179.3,7321.34,127.4,167.2,6880.0,407.924,596.362,3428.692,504.0,587.0,7543.0,312.575,153.575,1627.635,145.503,511.945,1788.267,170.697,363.719,1968.825,251.14,66.74,9504.32,476.92,2002.509,7904.532,293.974,270.397,5258.66,600.14,495.0,14243.78,121.518,118.803,7374.136,444.87,1007.44,5588.47,469.149,438.751,1690.799,53.94,359.08,4011.17,214.02,150.1,1024.9,487.12,641.733,8985.639
23,0.805,29.0,243.34,7177.74,114.114,242.811,3593.898,249.365,160.712,3915.216,103.02,579.86,5334.7,105.291,234.888,6672.911,150.66,80.74,5210.11,97.5,105.05,3705.5,151.532,482.832,4552.095,273.759,193.618,2686.358,636.631,293.97,1763.608,183.943,249.891,2600.687,96.62,208.44,7190.6,114.04,373.44,2349.16,49.64,465.94,5234.95,984.886,87.513,611.343,175.801,171.443,8783.287,671.24,354.16,7002.46,309.099,149.412,5722.536,159.327,624.244,4958.099,429.17,104.86,5300.33,1129.15,114.75,11450.05,93.82,1434.24,3100.52,648.959,365.803,17158.98,559.8,551.48,4423.44,188.72,156.96,5499.56,480.938,136.801,8053.924,130.463,170.641,11259.352,140.46,216.92,1993.16,581.12,288.8,1696.6,329.75,94.45,2458.9,160.4,162.01,11259.87,873.25,371.5,6356.0,577.785,222.595,5170.311,185.05,253.68,1750.09,49.335,141.595,7986.088,400.8,124.14,1482.11,119.355,171.17,4469.663,413.278,89.354,3926.069,310.889,462.62,3433.256,422.76,143.18,2339.82,114.849,214.362,1067.179,254.62,72.22,2005.08,554.28,285.36,17258.48,410.3,442.4,11006.1,241.48,482.96,2331.02,1195.04,198.88,3538.26,113.72,295.92,9250.52,163.817,166.998,7536.291,306.944,276.37,4686.204,339.535,212.099,5320.1,412.9,154.359,4374.147,44.0,394.61,1716.14,388.301,126.243,2057.294,235.98,149.891,4347.574,506.899,325.309,3887.026,201.677,374.428,5647.861,317.898,154.278,6518.901,256.14,290.42,2144.83,310.74,461.56,8904.36,839.67,905.44,4788.07,1001.0,291.6,4536.4,210.84,54.32,2599.92,172.71,3438.26,9714.29,294.335,393.192,6698.311,211.396,401.175,4537.099,737.838,215.517,3729.082,96.491,105.09,5017.808,51.4,112.75,2595.4,71.6,165.36,5184.24,465.0,142.0,1233.6,178.14,341.87,8060.26,229.811,166.006,4729.646,330.56,116.5,1825.38,68.24,103.28,2361.64,266.615,142.688,2205.57,110.5,537.0,10237.5,228.12,249.93,3860.95,397.66,186.42,7065.68,310.593,233.584,3401.006,622.311,217.318,4056.734,480.4,1414.48,7740.36,507.6,278.0,2275.88,445.85,175.81,5760.44,111.138,295.785,3610.505,22.7,284.66,8347.93,77.6,665.76,3318.52,171.82,1161.98,3986.71,450.98,151.36,7296.74,439.74,148.1,1941.9,217.74,130.68,7840.98,127.0,190.6,5840.0,404.594,539.627,3243.727,474.094,532.011,6840.636,347.68,114.32,1272.52,256.916,1204.138,4044.468,145.125,331.912,1777.676,278.82,59.86,10157.32,355.772,3192.113,6216.295,377.3,210.65,3995.44,690.32,428.48,12998.36,117.505,80.152,8884.422,454.38,1091.64,4348.64,431.634,746.432,2163.122,69.692,238.213,4478.811,176.34,123.02,1293.59,524.504,519.172,6380.106
24,0.8400000000000001,25.3,167.96,7553.8,134.277,315.483,3065.575,303.64,152.1,4763.2,94.26,355.381,5612.603,89.1,264.8,7065.5,169.4,90.14,5130.23,106.462,105.796,3789.948,147.366,556.642,3385.553,323.22,189.65,1942.08,628.789,283.775,2107.474,191.84,280.6,2519.0,105.735,126.407,6074.581,97.383,308.124,2218.704,38.81,365.11,5896.7,916.294,70.769,412.914,220.84,228.6,11151.04,575.72,337.04,6437.2,221.74,112.14,6942.11,155.657,731.121,4387.591,467.144,110.725,5565.647,1041.487,179.997,14560.647,68.512,1233.086,4104.766,594.67,266.68,18081.948,530.68,444.36,5130.28,181.16,161.32,4981.6,509.099,96.514,8412.66,154.37,169.88,10323.98,167.045,238.161,2315.479,595.085,241.914,953.261,283.45,72.15,2589.65,143.817,145.346,13802.843,932.708,334.406,8815.24,631.465,215.853,5997.713,220.23,211.93,1657.68,51.47,276.628,8817.286,413.9,149.46,1294.11,114.82,173.22,4821.46,466.441,108.129,2680.098,239.331,575.131,3815.927,299.02,103.08,3245.7,160.838,101.888,1352.402,299.42,74.94,2310.04,480.125,289.237,18201.853,434.665,281.751,10803.375,232.18,260.44,2756.3,1242.116,227.444,3562.609,146.8,307.4,11051.36,191.72,104.332,11770.528,314.131,232.013,4944.828,285.22,179.84,6194.22,361.566,112.178,5869.189,45.71,341.39,1846.21,328.96,104.2,1844.6,164.2,215.96,4092.32,481.129,306.028,3283.741,190.5,288.84,5495.8,384.586,216.65,8130.877,240.84,363.74,2151.78,436.02,553.96,9400.36,704.8,590.38,5256.54,818.087,198.988,3566.734,134.6,53.6,2558.6,174.94,2969.15,8987.7,351.246,432.84,5099.686,207.569,309.64,5406.82,735.814,145.055,3010.964,86.0,95.95,6664.0,37.15,101.95,2906.8,133.44,189.04,6110.92,498.84,157.6,1058.96,209.25,430.05,7090.09,218.24,106.12,4295.3,270.056,110.977,1609.089,82.424,100.008,3496.163,287.44,116.36,1774.02,102.869,484.382,8597.714,233.39,227.18,3675.7,358.8,168.76,6096.44,366.21,240.65,2950.94,645.557,242.524,4826.428,512.357,2263.676,6508.068,477.64,242.36,3435.4,409.38,157.55,5853.76,94.38,269.88,3132.12,19.37,226.89,7380.33,98.74,932.58,2879.74,182.99,1140.99,3296.74,383.965,128.071,8118.9,463.5,134.36,1873.12,205.032,166.521,6933.433,133.787,228.642,4155.973,436.86,436.9,2771.96,440.552,477.183,6171.842,418.25,159.818,1517.99,263.047,1595.531,5467.955,123.66,303.198,2228.681,284.653,85.333,9788.381,252.985,4448.616,5117.068,470.346,153.96,3125.447,759.58,401.7,11274.68,155.181,76.732,10316.726,448.7,1172.78,3459.01,386.6,1222.65,2109.7,98.86,141.3,5054.56,171.57,124.03,1592.65,535.13,441.01,3883.26
25,0.8750000000000001,29.18,191.52,8659.04,220.45,412.0,2491.3,331.26,159.26,5194.14,84.35,175.25,6127.35,75.1,377.65,8130.65,182.419,119.635,4714.95,136.681,113.102,3834.448,147.56,554.7,2378.9,394.265,145.917,1375.533,570.83,324.374,2770.132,192.72,264.84,2567.04,114.327,96.389,4902.518,79.99,246.49,2083.0,50.108,278.995,6618.748,783.14,75.231,380.012,256.8,332.04,14656.44,500.32,308.58,5379.58,188.14,102.11,8620.27,157.423,758.294,3498.889,476.16,117.38,5704.88,897.52,256.8,16782.04,77.5,869.5,4915.0,532.617,282.206,16729.813,527.853,381.029,5732.096,228.4,157.68,4107.28,507.729,69.185,8112.655,173.237,148.157,7613.811,207.165,344.409,2865.693,572.22,222.46,765.26,247.5,55.35,2734.2,142.774,154.499,13188.57,881.797,308.493,12028.939,606.722,188.67,5611.776,260.51,242.75,1731.17,63.867,431.492,9342.082,419.76,172.42,1027.6,118.96,161.9,4508.78,491.82,126.426,2342.434,214.76,527.16,3996.8,180.96,120.7,4424.6,218.455,59.892,1776.882,365.9,88.74,2511.88,399.417,252.33,17406.885,460.4,247.0,9220.4,246.7,149.18,3326.54,1329.878,188.418,2503.505,176.539,307.892,11960.023,246.35,161.17,15301.34,302.568,246.281,4945.615,245.972,161.018,6064.624,291.778,152.815,7994.165,52.7,260.41,2310.04,274.144,88.725,2474.013,160.578,287.852,3861.454,424.809,230.421,2833.578,187.34,274.88,5240.0,419.752,255.268,10722.548,203.29,454.01,2237.21,547.16,699.0,9843.42,504.293,359.415,5176.189,647.627,189.582,2821.485,85.92,89.32,2913.84,175.06,2075.75,8187.58,425.467,467.835,3949.955,219.92,306.84,6037.24,646.84,86.48,2912.52,83.35,101.41,7838.05,33.15,101.4,4160.65,226.775,225.996,7821.894,542.99,164.916,877.046,218.767,600.062,5738.853,211.14,98.14,4112.56,223.65,110.09,1204.66,94.98,103.27,5621.21,296.7,70.7,2205.82,96.077,370.709,7216.213,228.15,183.33,3767.0,355.62,221.7,4573.74,439.51,283.05,3667.33,651.726,228.339,5492.591,559.178,3309.148,5231.925,498.56,197.28,4856.72,373.565,153.719,6015.402,100.878,339.192,3102.847,41.36,180.47,6479.57,121.74,1290.84,2477.44,197.812,1170.33,2752.551,301.42,73.43,8088.89,487.36,115.1,1947.82,201.797,211.819,6189.569,136.35,230.32,2954.33,499.06,377.24,2425.8,411.469,404.349,5635.245,490.807,211.953,1892.186,266.063,1862.636,6703.884,110.932,329.713,2760.361,279.27,138.49,8871.72,211.85,5253.05,4652.15,563.98,94.5,3153.52,779.596,347.792,10491.522,240.0,124.0,11502.0,427.75,1352.95,3281.47,388.74,1584.236,2581.946,139.476,89.94,4687.761,179.11,126.27,1934.88,527.853,304.045,3305.183
26,0.9100000000000001,47.28,246.18,9939.18,307.65,507.7,2034.7,358.26,210.96,5412.94,76.203,113.763,6074.502,66.885,491.806,10992.779,183.65,149.9,4263.45,186.102,116.508,3883.434,147.22,465.88,1648.48,376.421,144.875,939.302,454.871,290.617,3122.573,187.52,286.16,2817.48,124.52,93.56,3755.64,62.99,171.54,2268.14,67.665,221.88,6990.656,668.194,109.216,432.291,276.84,396.92,18553.16,443.76,262.0,4430.38,192.99,83.73,10621.95,157.26,699.63,2480.05,423.32,115.62,6257.54,718.44,408.48,16803.48,96.0,569.5,4920.0,464.504,399.138,13676.733,534.88,288.36,5906.54,303.28,137.0,3047.12,463.29,68.337,7610.908,178.69,192.312,6249.099,238.032,428.49,3222.068,514.98,205.98,917.82,242.2,47.35,3707.55,145.05,206.65,14962.23,879.79,237.76,13054.46,528.16,179.96,4897.0,278.211,267.086,2377.21,75.654,571.958,9847.396,412.03,159.37,1069.82,110.415,134.289,5108.143,492.48,129.711,2589.491,190.685,565.502,4744.656,91.26,163.36,5813.26,282.338,70.307,2232.762,427.26,81.5,2831.42,315.156,187.774,14700.621,489.8,275.0,7080.4,289.14,103.88,3770.18,1322.94,170.98,2311.1,194.84,311.71,12709.42,296.5,289.1,17614.63,311.997,280.214,4854.484,208.25,141.56,5248.04,223.73,233.06,10113.644,66.12,188.23,2989.52,237.86,83.52,3303.36,225.93,313.57,3259.85,341.77,177.52,2467.47,207.62,238.88,5340.7,414.445,247.553,14220.381,178.41,703.75,2480.29,601.04,829.62,10506.16,322.293,228.106,4759.576,518.84,205.39,2192.296,87.6,124.6,4069.88,182.89,1227.24,8879.5,492.263,631.808,4460.657,232.36,315.76,5827.32,586.413,61.658,3357.47,91.07,89.4,8181.92,44.25,100.85,5718.7,363.6,219.28,10405.4,577.08,139.52,858.68,202.25,752.5,4383.0,245.3,126.42,4406.92,171.764,93.444,867.446,105.05,102.95,8156.59,307.547,40.343,2551.481,97.083,221.775,6810.397,205.35,140.86,4103.2,376.84,244.82,3492.52,506.763,289.085,4330.001,635.461,198.702,5898.29,623.88,4471.8,4667.8,528.8,155.6,5706.36,344.2,158.2,6605.2,141.629,492.127,3473.762,74.97,179.82,5334.66,145.12,1741.36,2219.94,204.6,1124.4,2226.66,222.905,63.55,6482.523,509.74,116.18,2235.84,236.631,296.958,6184.157,128.529,287.434,2596.322,585.68,372.96,1886.78,392.542,288.193,5128.541,543.2,234.96,2413.32,249.398,1864.763,7034.078,103.997,402.185,3124.619,271.1,239.63,8034.77,141.83,5406.782,4087.915,638.02,80.42,3557.92,754.046,309.285,9793.098,310.418,204.196,11358.913,437.134,1702.304,3283.194,369.8,2038.0,2500.92,229.644,109.444,4470.191,182.364,106.699,2027.569,518.317,193.507,4825.98
27,0.9450000000000001,72.24,315.02,11381.92,359.0,524.937,1565.753,388.3,323.1,5580.5,90.36,80.5,5626.68,71.2,473.02,14267.36,177.3,206.05,4461.25,230.415,157.771,4413.688,146.22,334.58,1807.66,337.586,142.574,716.27,326.279,216.337,3086.533,179.88,262.32,3447.76,134.366,133.824,3459.628,46.52,127.7,3281.19,87.276,242.986,7295.723,577.33,136.765,655.076,278.12,379.36,21432.68,454.583,218.569,4839.24,227.26,73.86,11921.17,164.3,538.89,1774.61,368.06,132.5,6960.44,556.136,566.241,15957.161,105.0,306.5,4703.5,384.508,556.392,9681.763,478.84,260.54,5216.9,356.96,115.8,2779.92,398.111,85.508,7239.007,172.73,205.915,5349.051,275.502,431.452,3953.954,433.22,189.3,1236.72,282.7,49.6,4902.0,159.77,277.32,15843.93,820.901,275.254,14111.903,411.439,161.941,3639.829,304.836,269.747,3154.648,81.89,684.452,10067.987,383.199,135.968,1409.442,90.832,142.404,6557.489,477.629,107.838,3190.442,182.0,569.09,5572.705,60.2,186.88,6466.48,277.14,105.26,2520.54,462.348,63.226,2957.418,251.652,137.123,9952.296,512.8,245.4,5176.4,348.8,91.24,3943.64,1263.7,157.52,2880.24,196.318,299.633,13350.466,330.98,410.37,17824.62,340.0,311.8,3781.4,183.87,121.28,4941.39,190.2,356.24,10118.7,80.639,129.63,4272.308,230.335,92.918,3802.093,292.902,381.493,2828.835,251.257,182.787,2239.74,208.54,216.32,6039.94,385.667,215.166,17384.842,207.08,1149.83,2802.4,582.82,903.16,11331.32,189.705,167.986,4106.523,408.03,181.005,2511.549,124.36,144.72,5382.88,200.13,799.71,11058.1,538.273,802.516,5676.309,234.732,239.195,4996.373,512.61,96.4,4492.54,123.723,105.727,7949.489,56.8,94.65,7057.9,504.24,232.76,12192.76,560.477,144.587,847.387,166.562,967.803,2890.123,288.14,147.58,4799.12,139.146,83.813,879.353,98.479,103.904,10325.757,316.605,36.215,2509.449,108.297,205.843,6826.684,164.11,117.59,4107.15,395.32,219.0,3853.44,608.2,279.72,4802.8,582.48,190.24,6161.88,703.6,5012.2,3957.24,538.28,175.64,5543.52,294.0,162.0,7193.6,190.667,545.494,3448.492,114.66,226.93,4212.77,162.359,2070.471,2060.627,177.348,731.669,1967.957,157.402,96.038,4893.831,527.04,126.8,2763.06,251.72,393.16,6047.16,119.0,501.0,2461.0,682.743,450.384,1213.745,387.72,263.64,3984.3,531.522,245.767,2774.56,210.448,1684.881,6625.401,131.741,435.435,3046.551,257.2,350.39,7295.09,98.36,4962.48,4063.53,703.51,89.089,3256.084,677.023,428.45,8089.593,352.975,259.1,10295.416,420.94,2163.88,3173.06,344.213,2237.299,2292.087,360.823,136.848,3967.6,168.74,67.72,1868.02,470.316,147.428,5998.811
28,0.9800000000000001,94.54,405.04,12112.92,375.422,597.761,1792.502,421.02,474.56,5762.34,108.5,105.18,4858.66,81.62,523.6,17003.18,187.361,221.832,4480.003,266.648,203.729,6331.467,149.12,203.38,2006.54,292.776,140.5,637.952,209.816,141.935,2636.756,169.973,219.418,3683.184,134.641,162.223,2661.732,50.544,128.142,4530.904,98.073,335.068,6383.319,462.07,142.42,1009.73,287.926,296.859,21839.014,458.0,163.45,4998.75,274.19,87.92,11676.06,179.97,328.66,1822.0,337.514,139.368,7286.236,414.07,662.5,15151.21,129.0,147.5,4211.0,299.778,803.697,6603.323,435.4,222.1,5737.06,379.4,117.84,2700.48,318.48,120.96,6894.2,170.749,190.436,4472.193,331.67,417.97,5086.07,327.797,182.253,1738.995,302.232,96.718,6980.524,197.83,320.97,15453.28,782.76,241.96,12524.3,305.81,142.56,2664.02,326.3,369.7,3590.7,60.22,687.98,10428.35,333.96,123.6,1685.34,92.76,160.92,8487.0,442.16,83.482,3781.251,182.084,501.05,6262.13,78.9,196.72,6251.2,289.4,137.6,2953.68,478.916,55.264,2781.066,210.905,128.323,6030.171,465.503,238.052,3789.79,410.76,121.38,4053.82,1165.08,160.74,3850.06,202.873,282.338,13744.361,326.882,530.91,19764.71,315.185,275.354,3046.4,160.87,102.15,4202.02,188.7,438.58,8354.1,93.4,104.9,5867.0,232.173,113.676,3850.679,364.434,314.66,2468.366,179.975,227.849,2230.534,207.843,193.33,6381.466,340.126,170.561,19180.454,277.87,1680.65,3105.64,506.62,919.58,12220.18,162.48,166.0,4181.14,298.0,126.37,3298.43,171.0,146.88,6212.84,218.94,649.442,12120.177,557.591,952.278,6808.077,248.492,175.929,4225.242,419.25,166.2,6320.29,159.465,165.585,8194.198,60.6,92.25,7916.65,627.96,268.68,12278.24,535.8,107.761,713.729,117.659,918.039,1759.226,347.8,159.76,5006.92,131.149,98.795,750.542,84.5,102.35,12702.45,384.64,61.8,2170.4,127.417,215.814,6972.348,111.16,94.3,4167.65,395.38,180.88,5023.8,721.72,282.08,6668.52,506.96,195.64,5935.48,815.2,4759.76,3128.2,526.08,305.84,4500.36,240.038,150.229,7367.61,236.53,511.571,2867.326,156.66,311.72,3467.76,175.74,2294.88,1680.4,187.341,471.721,1565.654,118.1,128.35,3615.45,530.1,134.14,3628.72,279.84,466.68,6087.68,106.0,769.0,2428.0,790.32,556.62,926.26,370.573,244.705,3321.693,502.892,243.645,3370.317,158.638,1446.414,6019.394,177.619,421.023,3000.941,232.91,439.69,6207.69,77.92,3954.82,4966.74,740.2,100.77,2540.92,560.425,621.594,6303.679,364.033,272.9,9038.95,354.42,2693.72,3273.58,324.81,2014.298,2236.884,490.894,152.899,3629.68,134.52,57.08,2120.62,401.728,156.726,7048.452
